电影排名,电影名称,演员列表,年代,类型,评分,评论人数,海报图片
1,憨豆先生精选辑,"罗温·艾金森,Paul Bown,理查德·布赖尔斯,Angus Deayton,罗宾·德里斯科尔,Tina Maskell,Dave O'Higgins,卡罗琳·昆汀,Rudolph Walker,理查德·威尔逊,Matilda Ziegler",1997,喜剧,9.6,2106,https://img3.doubanio.com/view/photo/s_ratio_poster/public/p2354179225.webp
2,美丽人生,"罗伯托·贝尼尼,尼可莱塔·布拉斯基,乔治·坎塔里尼,朱斯蒂诺·杜拉诺,赛尔乔·比尼·布斯特里克,玛丽萨·帕雷德斯,霍斯特·布赫霍尔茨,利迪娅·阿方西,朱利亚娜·洛约迪切,亚美利哥·丰塔尼,彼得·德·席尔瓦,弗朗西斯·古佐,拉法埃拉·莱博罗尼,克劳迪奥·阿方西,吉尔·巴罗尼,马西莫·比安奇,恩尼奥·孔萨尔维,吉安卡尔洛·科森蒂诺,阿伦·克雷格",1997-12-20,"剧情,喜剧,爱情,战争",9.5,472357,https://img3.doubanio.com/view/photo/s_ratio_poster/public/p510861873.webp
3,福尔摩斯二世,"巴斯特·基顿,凯瑟琳•麦奎尔,乔·基顿",1924-04-21,"喜剧,奇幻",9.4,6391,https://img1.doubanio.com/view/photo/s_ratio_poster/public/p2206737207.webp
4,西蒙·阿姆斯特尔：顺其自然,西蒙·阿姆斯特尔,2010,喜剧,9.4,1012,https://img3.doubanio.com/view/photo/s_ratio_poster/public/p2184490255.webp
5,极品基老伴：完结篇,"伊恩·麦克莱恩,德里克·雅各比,弗朗西斯·德·拉·图瓦,伊万·瑞恩,玛西娅·沃伦,菲利普-沃斯,艾琳·阿特金斯,弗兰西斯·巴贝,阿利斯泰尔·布拉默,理查德·加德",2016-06-19,"喜剧,同性",9.3,14533,https://img3.doubanio.com/view/photo/s_ratio_poster/public/p2360539785.webp
6,Kiss Vakond,"Sándor Badár,Eszter Gyalog,János Herskó",1993,喜剧,9.3,2482,https://img3.doubanio.com/view/photo/s_ratio_poster/public/p2327626672.webp
7,三傻大闹宝莱坞,"阿米尔·汗,卡琳娜·卡普尔,马达范,沙尔曼·乔希,奥米·瓦依达,博曼·伊拉尼,莫娜·辛格,拉杰夫·拉宾德拉纳特安",2011-12-08,"剧情,喜剧,爱情,歌舞",9.2,762312,https://img3.doubanio.com/view/photo/s_ratio_poster/public/p579729551.webp
8,疯狂动物城,"金妮弗·古德温,杰森·贝特曼,伊德里斯·艾尔巴,珍妮·斯蕾特,内特·托伦斯,邦尼·亨特,唐·雷克,汤米·钟,J·K·西蒙斯,奥克塔维亚·斯宾瑟,艾伦·图代克,夏奇拉,雷蒙德·S·佩尔西,德拉·萨巴,莫里斯·拉马奇,菲尔·约翰斯顿,约翰·迪·玛吉欧,凯蒂·洛斯,吉塔·雷迪,杰西·科尔蒂,汤米·利斯特,乔希·达拉斯,瑞奇·摩尔,凯斯·索西,彼得·曼斯布里奇,拜伦·霍华德,杰拉德·布什,马克·史密斯,乔西·特立尼达,约翰·拉维尔,克里斯汀·贝尔,吉尔·科德斯,梅利莎·古德温",2016-03-04,"喜剧,动画,冒险",9.2,580249,https://img1.doubanio.com/view/photo/s_ratio_poster/public/p2315672647.webp
9,大话西游之大圣娶亲,"周星驰,吴孟达,朱茵,蔡少芬,蓝洁瑛,莫文蔚,罗家英,刘镇伟,陆树铭,李健仁",2014-10-24,"喜剧,爱情,奇幻,冒险",9.2,557034,https://img3.doubanio.com/view/photo/s_ratio_poster/public/p2455050536.webp
10,摩登时代,"查理·卓别林,宝莲·高黛,亨利·伯格曼,Tiny Sandford,切斯特·康克林",1936-02-25,"喜剧,剧情,爱情",9.2,96986,https://img3.doubanio.com/view/photo/s_ratio_poster/public/p2173707976.webp
11,城市之光,"查理·卓别林,弗吉尼亚·切瑞尔,佛罗伦斯·李,亨利·伯格曼,珍·哈露",1931-01-30,"喜剧,剧情,爱情",9.2,46017,https://img3.doubanio.com/view/photo/s_ratio_poster/public/p2099815842.webp
12,你逃我也逃,"卡洛·朗白,杰克·本尼,罗伯特·斯塔克,菲利克斯·布雷萨特,莱昂内尔·阿特威尔",1942-03-06,"喜剧,战争",9.2,12586,https://img3.doubanio.com/view/photo/s_ratio_poster/public/p1339915772.webp
13,极品基老伴：2013圣诞特辑,"伊恩·麦克莱恩,德里克·雅各比,弗朗西斯·德·拉·图瓦,伊万·瑞恩,玛西娅·沃伦",2013-12-27,喜剧,9.2,10417,https://img3.doubanio.com/view/photo/s_ratio_poster/public/p2187166976.webp
14,欢乐树的朋友们：赶尽杀绝,"Aubrey Ankrum,Dana Belben,Jeff Biancalana,Mark Giambruno,Warren Graff,Peter Herrmann",2005-11-28,"动画,喜剧",9.2,4604,https://img3.doubanio.com/view/subject/l/public/s1806732.jpg
15,欢乐树的朋友们：第二发球,"Michael 'Lippy' Lipman,Peter Herrmann,Liz Stewart,Nica Lorber",2003,"喜剧,动画",9.2,4000,https://img3.doubanio.com/view/photo/s_ratio_poster/public/p2162261726.webp
16,欢乐树的朋友们：第三击,"Michael 'Lippy' Lipman,Peter Herrmann,Liz Stewart",2004-08-01,"喜剧,动画",9.2,3167,https://img3.doubanio.com/view/subject/l/public/s1806711.jpg
17,狐妖小红娘剧场版：王权富贵,"杨天翔,刘校妤,乔诗语",2016-05-20,"剧情,喜剧,爱情",9.2,1430,https://img3.doubanio.com/view/photo/s_ratio_poster/public/p2409467410.webp
18,寻梦环游记,"安东尼·冈萨雷斯,盖尔·加西亚·贝纳尔,本杰明·布拉特,阿兰纳·乌巴奇,芮妮·维克托,杰米·卡米尔,阿方索·阿雷奥,赫伯特·西古恩萨,加布里埃尔·伊格莱西亚斯,隆巴多·博伊尔,安娜·奥菲丽亚·莫吉亚,娜塔丽·科尔多瓦,赛琳娜·露娜,爱德华·詹姆斯·奥莫斯,索菲亚·伊斯皮诺萨,卡拉·梅迪纳,黛娅娜·欧特里,路易斯·瓦尔德斯,布兰卡·阿拉切利,萨尔瓦多·雷耶斯,切奇·马林,奥克塔维·索利斯,约翰·拉岑贝格",2017-11-24,"喜剧,动画,冒险,音乐,家庭",9.1,476739,https://img1.doubanio.com/view/photo/s_ratio_poster/public/p2503997609.webp
19,触不可及,"弗朗索瓦·克鲁塞,奥玛·希,安娜·勒尼,奥德雷·弗勒罗,托马·索利韦尔",2011-11-02,"剧情,喜剧",9.1,412883,https://img3.doubanio.com/view/photo/s_ratio_poster/public/p1454261925.webp
20,两杆大烟枪,"杰森·弗莱明,德克斯特·弗莱彻,尼克·莫兰,杰森·斯坦森,斯蒂文·麦金托什,斯汀,维尼·琼斯",1998-08-28,"剧情,喜剧,犯罪",9.1,295343,https://img1.doubanio.com/view/photo/s_ratio_poster/public/p792443418.webp
21,地下,"米基·马诺伊洛维奇,拉扎尔·里斯托夫斯基,米里亚娜·约科维奇,斯拉夫科·斯提马科,恩斯特·施托兹",1995-04-01,"喜剧,剧情,战争",9.1,26292,https://img3.doubanio.com/view/photo/s_ratio_poster/public/p1833776334.webp
22,寻子遇仙记,"查理·卓别林,杰基·库根",1921-02-06,"喜剧,剧情,家庭",9.1,15143,https://img1.doubanio.com/view/photo/s_ratio_poster/public/p2332976198.webp
23,马戏团,"查理·卓别林,梅尔纳·肯尼迪,阿尔·欧内斯特·加西亚",1928-01-06,"喜剧,爱情",9.1,5795,https://img3.doubanio.com/view/photo/s_ratio_poster/public/p2248445275.webp
24,欢乐树的朋友们,,2006-05-03,"动画,喜剧",9.1,3996,https://img3.doubanio.com/view/photo/s_ratio_poster/public/p1269191733.webp
25,欢乐树的朋友们：滑雪巡逻救生队,"Ellen Connell,Warren Graff,Kenn Navarro,Billy West,David Winn",2006-04-12,"喜剧,动画",9.1,1377,https://img3.doubanio.com/view/subject/l/public/s3622650.jpg
26,日本之形,"小林賢太郎,片桐仁,斉木しげる",2007-02-10,喜剧,9.1,1348,https://img3.doubanio.com/view/photo/s_ratio_poster/public/p2253859656.webp
27,雨中曲,"吉恩·凯利,唐纳德·奥康纳,黛比·雷诺斯,赛德·查里斯,简·哈根",1952-04-11,"喜剧,歌舞,爱情",9.0,97005,https://img3.doubanio.com/view/photo/s_ratio_poster/public/p1612355875.webp
28,淘金记,"查理·卓别林,马克·斯旺,乔治亚·黑尔",1925-06-26,"冒险,喜剧,家庭,爱情,西部",9.0,17213,https://img3.doubanio.com/view/photo/s_ratio_poster/public/p1581774481.webp
29,将军号,"巴斯特·基顿,玛丽昂·马克,格伦·卡文德,吉姆·法利,弗雷德里克·弗鲁姆,查尔斯·亨利·史密斯,弗兰克·巴恩斯,乔·基顿,麦克·多林,汤姆·纳恩",1926-12-31,"剧情,喜剧,动作,战争,冒险",9.0,8428,https://img3.doubanio.com/view/photo/s_ratio_poster/public/p2248676081.webp
30,欢乐树的朋友们：第一滴血,"Peter Herrmann,Liz Stewart,Aubrey Ankrum,Dana Belben,Jeff Biancalana,Mark Giambruno,沃伦·格拉夫,Peter Herman,Michael 'Lippy' Lipman",2002-02-18,"动画,喜剧",9.0,6640,https://img1.doubanio.com/view/subject/l/public/s1806727.jpg
31,流浪者之歌,"达沃尔·杜伊莫维奇,博拉·托德洛维奇,Ljubica Adzovic",1988-12-21,"喜剧,犯罪,剧情,奇幻",9.0,3808,https://img3.doubanio.com/view/photo/s_ratio_poster/public/p2267333084.webp
32,木更津猫眼 世界系列,"冈田准一,樱井翔,冈田义德,佐藤隆太,塚本高史,酒井若菜",2006-10-28,"喜剧,剧情",9.0,2778,https://img3.doubanio.com/view/photo/s_ratio_poster/public/p764157116.webp
33,小不列颠：现场版,"大卫·威廉姆斯,马特·卢卡斯,汤姆·贝克",2006-11-13,喜剧,9.0,2489,https://img1.doubanio.com/view/subject/l/public/s2752947.jpg
34,怦然心动,"玛德琳·卡罗尔,卡兰·麦克奥利菲,瑞贝卡·德·莫妮,安东尼·爱德华兹,约翰·马奥尼,佩内洛普·安·米勒,艾丹·奎因,凯文·韦斯曼,摩根·莉莉,瑞安·克茨纳,吉莉安·普法夫,阿什莉·泰勒,伊瑟尔·布罗萨德,科迪·霍恩,迈克尔·博尔顿,肖恩·哈珀,斯戴芬妮·斯考特,帕特丽夏·伦茨,马修·戈尔德,阿罗拉·凯瑟琳·史密斯,凯莉·唐纳利,索菲亚·撒高,米歇尔·梅斯默,迈克尔·博萨,博·勒纳,杰奎琳·埃沃拉,泰勒·格鲁秀斯,艾莉·布莱恩特",2010-08-06,"剧情,喜剧,爱情",8.9,628702,https://img3.doubanio.com/view/photo/s_ratio_poster/public/p663036666.webp
35,飞屋环游记,"爱德华·阿斯纳,克里斯托弗·普卢默,乔丹·长井,鲍勃·彼德森,戴尔里·林多,杰罗姆·兰福特,约翰·拉岑贝格,大卫·卡耶,艾丽·道克特,杰里米·利里,米凯·麦高万,丹尼·曼恩,唐纳德·富利洛夫,杰斯·哈梅尔,乔什·库雷,彼特·道格特",2009-08-04,"剧情,喜剧,动画,冒险",8.9,551447,https://img3.doubanio.com/view/photo/s_ratio_poster/public/p2364094053.webp
36,大话西游之月光宝盒,"周星驰,吴孟达,罗家英,蓝洁瑛,莫文蔚,江约诚,陆树铭,刘镇伟,朱茵,李健仁",2014-10-24,"喜剧,爱情,奇幻,冒险",8.9,448377,https://img3.doubanio.com/view/photo/s_ratio_poster/public/p1280323646.webp
37,罗马假日,"奥黛丽·赫本,格利高里·派克,埃迪·艾伯特,哈特利·鲍尔,哈考特·威廉姆斯",1953-09-02,"喜剧,剧情,爱情",8.9,423804,https://img3.doubanio.com/view/photo/s_ratio_poster/public/p2189265085.webp
38,虎口脱险,"路易·德·菲奈斯,布尔维尔,克劳迪奥·布鲁克,安德丽·帕里西,科莱特·布罗塞,迈克·马歇尔,玛丽·马凯,皮埃尔·贝尔坦,本诺·施特岑巴赫,玛丽·杜布瓦,特里-托马斯,西戈德·拉普,赖因哈德·科尔德霍夫,赫尔穆特·施奈德,保罗·普雷博伊斯特,汉斯·迈尔,居伊·格罗索,米歇尔·莫多,彼得·雅各布,吕迪·勒努瓦,诺埃尔·达扎尔,皮埃尔·鲁塞尔,皮埃尔·巴斯蒂安,雅克·萨布隆,玛格·阿夫里尔,雅克·博杜因,加布里埃尔·戈班,保罗·梅塞,亨利·热内斯",1966-12-08,"喜剧,战争",8.9,111903,https://img3.doubanio.com/view/photo/s_ratio_poster/public/p2399597512.webp
39,大独裁者,"查理·卓别林,宝莲·高黛,杰克·奥克",1940-10-15,"喜剧,剧情,战争",8.9,30676,https://img3.doubanio.com/view/photo/s_ratio_poster/public/p1960167314.webp
40,心理游戏,"今田耕司,藤井隆,山口智充,Sayaka Maeda,Seiko Takuma,Toshio Sakata,Joji Shimaki,西凛太朗,Kenichi Chujou",2004-08-07,"动画,冒险,喜剧,悬疑",8.9,17778,https://img3.doubanio.com/view/photo/s_ratio_poster/public/p453762724.webp
41,西力传,"伍迪·艾伦,米亚·法罗,帕特里克霍根,John Buckwalter,Marvin Chatinover",1983-07-15,"喜剧,奇幻",8.9,8307,https://img3.doubanio.com/view/photo/s_ratio_poster/public/p2119294775.webp
42,玉女风流,"詹姆斯·卡格尼,霍斯特·布赫霍尔茨,帕梅拉·蒂芬,艾琳·弗朗西斯,霍华德·圣约翰,Hanns Lothar,Leon Askin,劳夫·沃尔特,卡尔·莱芬,休伯特 · 冯 · 麦瑞肯,Loïs Bolton,Peter Capell,Til Kiwe,Henning Schlüter,Karl Ludwig Lindt",1961-12-15,喜剧,8.9,6356,https://img1.doubanio.com/view/photo/s_ratio_poster/public/p1082838488.webp
43,我出生了，但……,"斋藤达雄,青木富夫,吉川满子,菅原秀雄,坂本武,Teruyo Hayami,加藤精一,小藤田正一,西村青儿,笠智众,野村秋生,叶山正雄",1932-06-03,"喜剧,剧情",8.9,2837,https://img3.doubanio.com/view/photo/s_ratio_poster/public/p1964113703.webp
44,阿德曼动画精选：超级无敌掌门狗,,1996-06-14,"喜剧,动画",8.9,2357,https://img3.doubanio.com/view/subject/l/public/s1480000.jpg
45,三毛学生意,"文彬彬,张雁,刘侠声",1958,喜剧,8.9,1088,https://img1.doubanio.com/view/photo/s_ratio_poster/public/p2506341219.webp
46,低俗小说,"约翰·特拉沃尔塔,乌玛·瑟曼,阿曼达·普拉莫,蒂姆·罗斯,塞缪尔·杰克逊,菲尔·拉马,布鲁斯·威利斯,弗兰克·威利,布尔·斯蒂尔斯,文·瑞姆斯,劳拉·拉芙蕾丝,保罗·考尔德伦,布罗娜·加拉赫,罗姗娜·阿奎特,埃里克·斯托尔兹,玛丽亚·德·梅黛洛",1994-05-12,"剧情,喜剧,犯罪",8.8,362736,https://img3.doubanio.com/view/photo/s_ratio_poster/public/p1910902213.webp
47,布达佩斯大饭店,"拉尔夫·费因斯,托尼·雷沃罗利,艾德里安·布洛迪,威廉·达福,裘德·洛,爱德华·诺顿,西尔莎·罗南,蒂尔达·斯文顿,比尔·默瑞,蕾雅·赛杜,欧文·威尔逊,詹森·舒瓦兹曼,马修·阿马立克,F·默里·亚伯拉罕,汤姆·威尔金森,杰夫·高布伦,哈威·凯特尔",2014-02-06,"剧情,喜剧,冒险",8.8,341619,https://img3.doubanio.com/view/photo/s_ratio_poster/public/p2178872593.webp
48,阳光姐妹淘,"沈恩京,闵孝琳,姜素拉,南宝拉,陈熙京,金时厚,柳好贞,朴真珠,金宝美,千禹熙,李璟荣",2011-05-04,"剧情,喜剧",8.8,287845,https://img1.doubanio.com/view/photo/s_ratio_poster/public/p1374786017.webp
49,玩具总动员3,"汤姆·汉克斯,蒂姆·艾伦,琼·库萨克,尼德·巴蒂,唐·里克斯,迈克尔·基顿",2010-06-16,"喜剧,动画,奇幻,冒险",8.8,200739,https://img1.doubanio.com/view/photo/s_ratio_poster/public/p1283675359.webp
50,荒蛮故事,"达里奥·格兰迪内蒂,玛丽娅·玛努尔,莫妮卡·比利亚,丽塔·科尔泰塞,胡丽叶塔·泽尔贝伯格,凯撒·博尔东,莱昂纳多·斯巴拉格利亚,沃尔特·多纳多,里卡多·达林,南希·杜普拉,奥斯卡·马丁内兹,玛莉亚·奥内托,奥斯马·努涅斯,赫尔曼·德·席尔瓦,艾丽卡·里瓦斯,地亚哥·詹蒂莱,玛格丽塔·莫菲诺",2014-05-17,"剧情,喜剧,犯罪",8.8,150263,https://img3.doubanio.com/view/photo/s_ratio_poster/public/p2192834364.webp
51,喜宴,"赵文瑄,郎雄,归亚蕾,金素梅,米切尔·利希藤斯坦",1993-08-04,"剧情,喜剧,爱情,同性,家庭",8.8,148582,https://img3.doubanio.com/view/photo/s_ratio_poster/public/p2173713676.webp
52,东京教父,"江守彻,冈本绫,梅垣义明,饭塚昭三,石丸博也",2003-11-08,"剧情,喜剧,动画",8.8,53191,https://img1.doubanio.com/view/photo/s_ratio_poster/public/p456703618.webp
53,坠入,"凯婷卡·安塔鲁,贾斯蒂恩·瓦戴尔,李·佩斯,Kim Uylenbroek,Aiden Lithgow,肖恩·吉尔德,Ronald France,Andrew Roussouw,Michael Huff,格兰特·斯旺比,Emil Hostina,罗宾·史密斯,Jeetu Verma,里奥·比尔,Marcus Wesley",2006-09-09,"剧情,喜剧,奇幻,冒险",8.8,52462,https://img3.doubanio.com/view/photo/s_ratio_poster/public/p568541514.webp
54,上帝也疯狂2,"历苏,Lena Farugia,Hans Strydom",1989-07-26,喜剧,8.8,41213,https://img1.doubanio.com/view/photo/s_ratio_poster/public/p1306760079.webp
55,我能说,"罗文姬,李帝勋,廉惠兰,朴哲民,李尚熙,李知勋,郑妍周,金素真",2017-09-21,"剧情,喜剧",8.8,31587,https://img1.doubanio.com/view/photo/s_ratio_poster/public/p2498433749.webp
56,热情如火,"玛丽莲·梦露,托尼·柯蒂斯,杰克·莱蒙,乔治·拉夫特,帕特·奥布莱恩,乔·E·布朗,内赫米亚·佩尔索夫,琼·肖丽,乔治·E·斯通,戴夫·巴里,迈克·马祖尔凯,哈里·威尔逊,贝弗利·威尔斯,芭芭拉·德鲁,小爱德华·G·罗宾逊",1959-03-29,喜剧,8.8,23018,https://img3.doubanio.com/view/photo/s_ratio_poster/public/p860250155.webp
57,与玛格丽特的午后,"热拉尔·德帕迪约,吉赛勒·卡扎德絮,帕特里克·伯利奇,弗朗索瓦-格扎维埃·德梅松,莫拉娜,让-弗朗索瓦·斯泰弗南,克莱尔·莫里耶,索菲·吉耶曼,梅兰妮·贝尔内尔",2010-06-02,喜剧,8.8,19703,https://img1.doubanio.com/view/photo/s_ratio_poster/public/p855075428.webp
58,办公室的故事,"安德烈·米亚赫科夫,阿丽萨·弗雷因德利赫,斯维特拉娜·涅莫利亚耶娃,奥列格·巴希拉什维利,莉亚·阿赫扎科娃",1977-02-03,"喜剧,爱情",8.8,12817,https://img3.doubanio.com/view/photo/s_ratio_poster/public/p2216166945.webp
59,黄色潜水艇,"The Beatles,保罗·安吉利斯,约翰·克莱夫,迪克·埃默里,杰弗里·休斯,兰斯·珀西瓦尔",1968-07-17,"喜剧,动画,奇幻,冒险,音乐",8.8,6852,https://img3.doubanio.com/view/photo/s_ratio_poster/public/p1629215272.webp
60,魔法阿妈,"文英,许杰辉,莊博文",1998-04-03,"喜剧,动画,奇幻",8.8,4714,https://img1.doubanio.com/view/photo/s_ratio_poster/public/p2210554668.webp
61,生命是个奇迹,"斯拉夫科·斯提马科,娜塔莎·塔普什科维奇,乌克·科斯蒂奇,亚力克斯桑德·贝奇科,米尔亚娜·卡拉诺维奇,Vesna Trivalic,尼古拉·科约,达沃尔·贾尼奇,Dana Todorovic,Vanessa Glodjo",2004-05-14,"剧情,喜剧,爱情,战争",8.8,3987,https://img3.doubanio.com/view/photo/s_ratio_poster/public/p1764946900.webp
62,安全至下,"哈罗德·劳埃德,米尔德丽德·戴维斯,Bill Strother,Noah Young,Westcott Clarke",1923-04-01,"喜剧,爱情,惊悚",8.8,3830,https://img1.doubanio.com/view/photo/s_ratio_poster/public/p2019134518.webp
63,七次机会,"巴斯特·基顿,T.罗伊·巴尔内斯,辛兹·爱德华,Ruth Dwyer,Frances Raymond,Erwin Connelly,Jules Cowles",1925-03-11,"喜剧,家庭,爱情",8.8,3554,https://img3.doubanio.com/view/photo/s_ratio_poster/public/p2321431402.webp
64,秋天里的春光,"伏拉基米尔·布劳德斯基,史黛拉·查娜克娃,Stanislav Zindulka,翁德雷·维特希,佩特拉·斯贝尔克瓦,伊里·拉布斯,Zita Kabátová,Katerina Pindejová,Lubomír Kostelka,Juraj Johanides,Zuzana Fialová,西蒙娜·史达索娃,Magdalena Sidonová,Vlastimil Zavrel,Martin Sitta,Kristýna Vyletová,Sandra Fronková,Dominika Kofránková",2001-09-27,"喜剧,剧情,家庭",8.8,2816,https://img3.doubanio.com/view/photo/s_ratio_poster/public/p648110766.webp
65,从军记,"查理·卓别林,希德·卓别林,艾德娜·珀薇安丝,洛亚尔·安德伍德,亨利·伯格曼,汤姆·威尔森,艾伯特·奥斯汀,杰克·威尔逊",1918-10-20,"喜剧,战争",8.8,2571,https://img3.doubanio.com/view/photo/s_ratio_poster/public/p905332012.webp
66,阿曼动画之超级无敌掌门狗系列1,,1995-06-15,"喜剧,动画",8.8,2474,https://img3.doubanio.com/view/subject/l/public/s1445900.jpg
67,小羊肖恩：美好时光,"贾斯汀·弗莱彻,约翰·斯帕克斯,理查德·韦伯,凯特·哈伯",2010,"喜剧,动画",8.8,1509,https://img3.doubanio.com/view/photo/s_ratio_poster/public/p2271636103.webp
68,儿子,"三国连太郎,永濑正敏,和久井映见,原田美枝子,田中隆三,浅田美代子,山口良一,浅利香津代,高峰凯希,浜村淳,梅津荣,井上千蔵,中本贤,小仓一郎,村田正雄,松村达雄,中村芽衣子,音无美纪子,奈良冈朋子,佐藤B作,碇矢长介,田中邦卫",1991-10-12,"剧情,喜剧,爱情,家庭",8.8,1022,https://img3.doubanio.com/view/photo/s_ratio_poster/public/p2153263566.webp
69,让子弹飞,"姜文,葛优,周润发,刘嘉玲,陈坤,张默,姜武,周韵,廖凡,姚橹,邵兵,苗圃,冯小刚,胡军,马珂,白冰,杜奕衡,李静,胡明,危笑,杨奇雨,赵铭",2010-12-16,"剧情,喜剧,动作,西部",8.7,673312,https://img1.doubanio.com/view/photo/s_ratio_poster/public/p1512562287.webp
70,天使爱美丽,"奥黛丽·塔图,马修·卡索维茨,吕菲斯,洛莱拉·克拉沃塔,塞尔日·梅兰,贾梅尔·杜布兹,克洛蒂尔德·莫勒,克莱尔·莫里耶,伊莎贝尔·南蒂,多米尼克·皮侬,阿尔蒂斯·德·彭居埃恩,友兰达·梦露,于尔班·康塞利埃,莫里斯·贝尼舒,米歇尔·罗班,安德烈·达芒,克洛德·佩隆,阿尔梅尔,迪基·奥尔加多,Kevin Fernandes,弗洛拉·吉耶,阿莫里·巴博尔,欧仁·贝蒂埃,让·达里,马克·阿米约",2001-04-25,"喜剧,爱情",8.7,517855,https://img3.doubanio.com/view/photo/s_ratio_poster/public/p803896904.webp
71,疯狂原始人,"尼古拉斯·凯奇,艾玛·斯通,瑞安·雷诺兹,凯瑟琳·基纳,克萝丽丝·利奇曼,克拉克·杜克,克里斯·桑德斯,兰迪·汤姆",2013-04-20,"喜剧,动画,冒险",8.7,389401,https://img1.doubanio.com/view/photo/s_ratio_poster/public/p1867084027.webp
72,驯龙高手,"杰伊·巴鲁切尔,杰拉德·巴特勒,克雷格·费格森,亚美莉卡·费雷拉,乔纳·希尔,克里斯托夫·梅兹-普莱瑟,T·J·米勒,克里斯汀·韦格,罗宾·阿特金·唐斯,菲利普·麦格雷德,基隆·埃利奥特,阿什利·詹森,大卫·田纳特",2010-05-14,"喜剧,动画,奇幻,冒险,家庭",8.7,303233,https://img1.doubanio.com/view/photo/s_ratio_poster/public/p450042258.webp
73,射雕英雄传之东成西就,"梁朝伟,林青霞,张国荣,叶玉卿,张学友,王祖贤,张曼玉,梁家辉,刘嘉玲,钟镇涛,鲍起静",1993-02-05,"喜剧,古装",8.7,295286,https://img3.doubanio.com/view/photo/s_ratio_poster/public/p1993903133.webp
74,头脑特工队,"艾米·波勒,菲利丝·史密斯,理查德·坎德,比尔·哈德尔,刘易斯·布莱克,敏迪·卡灵,凯特林·迪亚斯,戴安·琳恩,凯尔·麦克拉克伦,波拉·庞德斯通,鲍比·莫尼汉,宝拉·佩尔,大卫·戈尔兹,弗兰克·奥兹,乔什·库雷,弗利,约翰·拉岑贝格,卡洛斯·阿拉斯拉奇,皮特·萨加尔,拉什达·琼斯,罗里·艾伦,约翰·齐甘,雪莉·琳恩,拉瑞恩·纽曼,帕丽斯·冯·戴克",2015-10-06,"喜剧,动画,冒险",8.7,238420,https://img3.doubanio.com/view/photo/s_ratio_poster/public/p2266293606.webp
75,菊次郎的夏天,"北野武,关口雄介,岸本加世子,グレート義太夫,井手博士,磨赤儿,大家由祐子,细川典江,今村鼠,田中要次",1999-05-20,"剧情,喜剧",8.7,194229,https://img3.doubanio.com/view/photo/s_ratio_poster/public/p751835224.webp
76,7号房的礼物,"柳承龙,朴信惠,郑镇荣,金正泰,吴达洙,朴元尚,郑满植,葛素媛",2013-01-23,"剧情,喜剧,家庭",8.7,187595,https://img3.doubanio.com/view/photo/s_ratio_poster/public/p1816276065.webp
77,纵横四海,"周润发,张国荣,钟楚红,朱江,曾江,胡枫,唐宁,邓一君",1991-02-02,"剧情,喜剧,动作,犯罪",8.7,155376,https://img3.doubanio.com/view/photo/s_ratio_poster/public/p2272146906.webp
78,再见列宁,"丹尼尔·布鲁尔,卡特琳·萨斯,丘利潘·哈马托娃,弗洛里安·卢卡斯,亚历山大·拜尔",2003-02-09,"剧情,喜剧",8.7,58020,https://img3.doubanio.com/view/photo/s_ratio_poster/public/p478546260.webp
79,疯狂约会美丽都,"Béatrice Bonifassi,莉娜·布德罗,Michèle Caucheteux",2003-06-11,"喜剧,动画",8.7,53638,https://img3.doubanio.com/view/photo/s_ratio_poster/public/p1910831922.webp
80,河童之夏,"富泽风斗,横川贵大,田中直树,西田尚美,松元环季,植松夏希,安原义人,柳乐健一",2007-07-28,"喜剧,动画,奇幻",8.7,47258,https://img3.doubanio.com/view/photo/s_ratio_poster/public/p1015305516.webp
81,奇爱博士,"彼得·塞勒斯,乔治·C·斯科特,斯特林·海登,詹姆斯·厄尔·琼斯,格伦·贝克",1964-01-29,"喜剧,剧情",8.7,41472,https://img3.doubanio.com/view/photo/s_ratio_poster/public/p835946292.webp
82,我的邻居山田君,"朝丘雪路,益冈徹,荒木雅子,五十畑迅人,矢野显子",1999-07-17,"动画,喜剧,家庭",8.7,37007,https://img1.doubanio.com/view/photo/s_ratio_poster/public/p462372509.webp
83,骗中骗,"保罗·纽曼,罗伯特·雷德福,罗伯特·肖,查尔斯·德恩",1973-12-25,"喜剧,犯罪,剧情",8.7,26840,https://img1.doubanio.com/view/photo/s_ratio_poster/public/p1227416748.webp
84,一夜风流,"克拉克·盖博,克劳黛·考尔白,沃尔特·康诺利,罗斯科·卡恩茨,詹姆森·托马斯,艾伦·海尔,亚瑟·霍伊特,布朗什·弗雷德里克,查尔斯·C·威尔逊",1934-02-23,"喜剧,爱情",8.7,25712,https://img1.doubanio.com/view/photo/s_ratio_poster/public/p692891579.webp
85,西伯利亚的理发师,"朱莉娅·奥蒙德,欧列格·缅希科夫,阿列克谢·彼得连科,理查德·哈里斯,弗拉基米尔·伊利因",1998-10-30,"喜剧,剧情,爱情",8.6,22686,https://img3.doubanio.com/view/photo/s_ratio_poster/public/p1949265483.webp
86,桃色公寓,"杰克·莱蒙,雪莉·麦克雷恩,弗莱德·麦克莫瑞,雷·沃尔斯顿,伊迪·亚当斯",1960-06-15,"爱情,喜剧,剧情",8.7,17810,https://img3.doubanio.com/view/photo/s_ratio_poster/public/p2171288851.webp
87,邮差,"菲利普·努瓦雷,马西莫·特洛伊西,玛丽亚·格拉齐亚·库奇诺塔,雷纳托·斯卡帕,Linda Moretti",1994-09-01,"传记,喜剧,剧情,爱情",8.7,11525,https://img3.doubanio.com/view/photo/s_ratio_poster/public/p1162776592.webp
88,甜蜜的生活,"马塞洛·马斯楚安尼,安妮塔·艾克伯格,阿努克·艾梅,伊冯·弗奴克丝,玛加丽·诺尔,莱克斯·巴克,Annibale Ninchi,Walter Santesso,贾可·塞纳斯,Riccardo Garrone,瓦莱里娅·创可蒂尼,娜迪亚·格雷,阿兰·居尼,伊妲·伽利,劳拉·贝蒂",1960-02-03,"剧情,喜剧",8.7,9448,https://img1.doubanio.com/view/photo/s_ratio_poster/public/p2204676857.webp
89,无声婚礼,"梅达·安德列亚·维克托,亚历山德鲁·波托切安,Valentin Teodosiu,亚历山德鲁·波托赛昂,Ioana Anastasia Anton,卢米妮察·乔治乌,丹·康德里奇,谢尔班·帕弗卢,维克托·雷本久克,Tamara Buciuceanu,Tudorel Filimon,George Ivascu,George Mihaita,多鲁·安娜,Mihai Constantin",2008-11-21,"喜剧,剧情",8.7,6143,https://img3.doubanio.com/view/photo/s_ratio_poster/public/p2287838763.webp
90,阿玛柯德,"普佩拉·玛奇奥,阿尔曼多·布兰恰,玛加丽·诺尔,奇乔·因格拉西亚,南多·奥尔费伊,布鲁诺·扎宁,吉安菲利波·卡尔卡诺,约瑟琳·坦齐利,玛利亚·安东涅塔·贝卢齐",1973-12-13,"喜剧,剧情",8.7,5892,https://img1.doubanio.com/view/photo/s_ratio_poster/public/p2165582897.webp
91,摇滚芭比,"约翰·卡梅隆·米切尔,米利亚姆·肖尔,安德列·马丁,阿尔贝塔·瓦特森,迈克尔·皮特",2001-07-20,"剧情,喜剧,同性,音乐",8.7,5502,https://img1.doubanio.com/view/photo/s_ratio_poster/public/p696969988.webp
92,毕加索的奇异旅程,"约斯塔·埃克曼,汉斯·艾尔佛森,Margaretha Krook,莉娜·奥琳,伯纳德·克理宾斯,Wilfrid Brambell,Lennart Nyman,帕尔·奥斯卡森,Elisabeth Söderström,Birgitta Andersson,Magnus Härenstam,Sune Mangs,Yngve Gamlin,Lisbeth Zachrisson,莱娜·尼曼,Tom Younger,Rolv Wesenlund,Sven Lindberg",1978-05-20,喜剧,8.7,4763,https://img3.doubanio.com/view/photo/s_ratio_poster/public/p2238117435.webp
93,街角的商店,"玛格里特·苏利文,詹姆斯·斯图尔特,弗兰克·摩根,约瑟夫·斯柴德克劳特,萨拉·黑登",1940-01-12,"喜剧,爱情,剧情",8.7,4623,https://img1.doubanio.com/view/photo/s_ratio_poster/public/p1362848748.webp
94,黄阿丽：小眼镜蛇,黄阿丽,2016-05-05,喜剧,8.7,4105,https://img3.doubanio.com/view/photo/s_ratio_poster/public/p2345580382.webp
95,凡尔杜先生,"查理·卓别林,Mady Correll,Allison Roddan,罗伯特·刘易斯,安德丽·贝茨,玛莎·雷伊,Ada May,伊索贝尔·埃尔索姆,玛乔丽·本尼特,Helene Heigh,Margaret Hoffman,玛丽莲·纳什,欧文·培根,Edwin Mills,弗吉尼亚·布里萨克",1947-04-11,"喜剧,犯罪,剧情",8.7,3497,https://img3.doubanio.com/view/photo/s_ratio_poster/public/p2074408234.webp
96,生命的舞动,"詹姆斯·麦卡沃伊,史蒂文·罗伯特森,萝玛拉·嘉瑞",2004-10-15,"喜剧,剧情",8.7,3238,https://img3.doubanio.com/view/photo/s_ratio_poster/public/p1353801585.webp
97,舞台春秋,"查理·卓别林,巴斯特·基顿,克莱尔·布鲁姆,尼格尔·布鲁斯,悉尼·卓别林",1952-10-16,"喜剧,剧情,音乐,爱情",8.7,2472,https://img3.doubanio.com/view/photo/s_ratio_poster/public/p2299155914.webp
98,警察与小偷,"托托,阿尔多·久弗瑞,Ernesto Almirante,Riccardo Antolini,Giulio Calì",1951-11-29,喜剧,8.7,2103,https://img1.doubanio.com/view/photo/s_ratio_poster/public/p2174353218.webp
99,纸月亮,"瑞安·奥尼尔,塔图姆·奥尼尔,玛德莲·卡恩",1973-05-09,"喜剧,犯罪,剧情",8.7,2083,https://img3.doubanio.com/view/photo/s_ratio_poster/public/p1056421242.webp
100,两头笨狗,"Brad Garrett ...  Big Dog (voice),Mark Schiff ...  Little Dog (voice),Brian Cummings ...  Hollywood (voice)",1993-09-18,"喜剧,动画",8.7,1880,https://img3.doubanio.com/view/photo/s_ratio_poster/public/p1305587853.webp
101,千面佳人,"娜塔莉·伍德,伊安·邦纳,迪克·肖恩,彼得·法尔克,乔纳森·温特斯,丽拉·柯卓娃,娄·雅可比,诺玛·可瑞,阿瑟·马利特,杰罗姆·柯万,阿琳·戈隆卡,Amzie Strickland,比尔·冈,卡尔·巴兰蒂尼,Iggie Wolfington",1966-11-10,"喜剧,犯罪",8.7,1549,https://img3.doubanio.com/view/photo/s_ratio_poster/public/p2314094225.webp
102,三个臭皮匠,"Moses Horwitz,Louis Feinberg,Jerome Lester Horwitz",2000-04-24,"剧情,喜剧,传记",8.7,1213,https://img3.doubanio.com/view/photo/s_ratio_poster/public/p2342419841.webp
103,看狗在说话,"迈克尔·J·福克斯,莎莉·菲尔德,唐·阿米契,金·格雷斯特,Ed Bernard",1993-02-03,"冒险,剧情,家庭,喜剧",8.7,1081,https://img3.doubanio.com/view/photo/s_ratio_poster/public/p2508736083.webp
104,超能陆战队,"斯科特·安第斯,瑞恩·波特,丹尼尔·海尼,T·J·米勒,杰米·钟,小达蒙·韦恩斯,珍尼希斯·罗德里格兹,詹姆斯·克伦威尔,艾伦·图代克,玛娅·鲁道夫,亚布拉哈姆·本鲁比,凯蒂·洛斯,比利·布什,丹尼尔·吉尔森,保罗·布里格斯",2015-02-28,"喜剧,动作,科幻,动画,冒险",8.6,390423,https://img1.doubanio.com/view/photo/s_ratio_poster/public/p2224568669.webp
105,怪兽电力公司,"约翰·古德曼,比利·克里斯托,玛丽·吉布斯,史蒂夫·布西密,詹姆斯·柯本,詹妮弗·提莉,鲍勃·彼德森,约翰·拉岑贝格,弗兰克·奥兹,丹尼尔·吉尔森,邦尼·亨特,杰克·安杰尔,塞缪尔·洛德·布莱克,史蒂夫·萨斯坎德",2001-11-02,"喜剧,动画,儿童,奇幻",8.6,256159,https://img1.doubanio.com/view/photo/s_ratio_poster/public/p2513247938.webp
106,幸福终点站,"汤姆·汉克斯,凯瑟琳·泽塔-琼斯,斯坦利·图齐,齐·麦克布赖德,迭戈·卢纳,巴里·沙巴卡·亨利,库玛·帕拉纳,佐伊·索尔达娜,埃迪·琼斯,祖德·塞克利拉,科瑞·雷诺兹,古列雷莫·迪亚兹,里尼·贝尔,瓦列里·尼古拉耶夫,迈克尔·诺里",2005-01-14,"喜剧,剧情,爱情",8.6,237893,https://img3.doubanio.com/view/photo/s_ratio_poster/public/p792263736.webp
107,无敌破坏王,"约翰·C·赖利,萨拉·西尔弗曼,杰克·麦克布瑞尔,简·林奇,艾伦·图代克,敏迪·卡灵,乔·洛·特鲁格里奥,艾德·奥尼尔,丹尼斯·海斯伯特,伊迪·迈克莱尔,雷蒙德·S·佩尔西,杰斯·哈梅尔,瑞秋·哈里斯,斯盖拉·阿斯丁,亚当·卡罗拉,霍拉提奥·桑斯,莫里斯·拉马奇,斯戴芬妮·斯考特,约翰·迪·玛吉欧,瑞奇·摩尔,凯蒂·洛斯,贾米·埃曼,乔西·特立尼达,辛贝·沃克,塔克·吉莫尔,布兰登·斯考特,蒂姆·梅尔滕斯,凯文·迪特斯,杰洛·里佛斯,马丁·贾维斯,布莱恩·克辛格,罗杰·克莱格·史密斯,菲尔·约翰斯顿,鲁本·兰登,凯尔·赫伯特,洁米·斯贝勒·罗伯茨,尼克·格里姆肖",2012-11-06,"喜剧,动画,奇幻,冒险",8.6,189842,https://img3.doubanio.com/view/photo/s_ratio_poster/public/p1735642656.webp
108,海盗电台,"比尔·奈伊,肯尼思·布拉纳,菲利普·塞默·霍夫曼,尼克·弗罗斯特,汤姆·斯图里奇,瑞斯·伊凡斯,瑞斯·达比,克里斯·奥多德,妲露拉·莱莉,凯瑟琳·帕金森,杰克·达文波特",2009-04-01,"剧情,喜剧,音乐",8.6,169244,https://img3.doubanio.com/view/photo/s_ratio_poster/public/p769608791.webp
109,完美陌生人,"马可·贾利尼,卡夏·斯穆特尼亚克,爱德华多·莱奥,阿尔巴·罗尔瓦凯尔,瓦莱里奥·马斯坦德雷亚,安娜·福列塔,朱塞佩·巴蒂斯通",2016-02-11,"剧情,喜剧",8.6,162913,https://img3.doubanio.com/view/photo/s_ratio_poster/public/p2365143411.webp
110,小萝莉的猴神大叔,"萨尔曼·汗,哈莎莉·马洛特拉,卡琳娜·卡普尔,纳瓦祖丁·席迪圭,欧姆·普瑞,梅·维贾,席尔帕.舒克拉,拉什·沙玛,沙拉蒂·瑟斯纳,阿图·斯里瓦斯塔瓦,阿德南·萨米,马诺·巴克什",2018-03-02,"剧情,喜剧,动作",8.6,137587,https://img3.doubanio.com/view/photo/s_ratio_poster/public/p2510956726.webp
111,巴黎淘气帮,"马克西姆·戈达尔,瓦莱丽·勒梅西埃,凯德·麦拉德,桑德琳娜·基贝兰,弗朗索瓦-格扎维埃·德梅松,米歇尔·迪绍苏瓦,Daniel Prévost,米歇尔·加拉布吕,雅尼莫尼,弗朗索瓦·达密安,露易丝·布尔昆,樊尚·克洛德,夏尔·瓦扬,维克托·卡莱斯,本杰明·阿弗蒂,小日尔曼·达米科,达米安·费多尔,维吉尔·蒂拉尔,伊丽莎·欧斯,热拉尔·朱尼奥",2013-02-10,"儿童,喜剧,家庭",8.6,105356,https://img1.doubanio.com/view/photo/s_ratio_poster/public/p465446537.webp
112,上帝也疯狂,"Marius Weyers,Sandra Prinsloo,历苏,Louw Verwey,Michael Thys",1980-09-10,喜剧,8.6,98700,https://img1.doubanio.com/view/photo/s_ratio_poster/public/p2173719647.webp
113,蝴蝶,"米歇尔·塞罗尔,柯莱儿·布翁尼许,娜德·蒂约,奥黛丽·玛丽奥,弗朗索瓦·米肖,海伦·伊利,伊蒂格·斯特凡",2002-12-18,"剧情,儿童,喜剧",8.6,95996,https://img3.doubanio.com/view/photo/s_ratio_poster/public/p1451436171.webp
114,芝加哥,"蕾妮·齐薇格,凯瑟琳·泽塔-琼斯,理查·基尔,奎恩·拉提法,约翰·C·赖利,刘玉玲,泰雅·迪格斯,克里斯汀·芭伦斯基,多米尼克·威斯特,杰恩·伊斯特伍德",2002-12-27,"喜剧,歌舞,犯罪",8.6,64784,https://img3.doubanio.com/view/photo/s_ratio_poster/public/p1571966850.webp
115,小情人,"查理·瑞纳,霍嘉丝·芝华顾,Charwin Jitsomboon,Chaleumpol Tikumpornteerawong,Wongsakorn Rassamitat",2003-08-01,"儿童,喜剧",8.6,49778,https://img3.doubanio.com/view/photo/s_ratio_poster/public/p450895244.webp
116,大佛普拉斯,"陈竹昇,庄益增,戴立忍,纳豆,张少怀,丁国琳,雷婕熙,林美秀,陈以文,郑宇彤,梁赫群,游安顺,李永丰,朱约信,小亮哥,脱线",2017-06-29,"剧情,喜剧",8.6,49515,https://img3.doubanio.com/view/photo/s_ratio_poster/public/p2505928032.webp
117,热天午后,"阿尔·帕西诺,约翰·凯泽尔,查尔斯·德恩,克里斯·萨兰登,詹姆斯·布罗德里克,Penelope Allen,约翰·马里奥特,苏利伯维尔,比尤拉加里克,卡洛·凯恩,Sandra Kazan,玛西娅·让·库尔茨,Amy Levitt,Carmine Foresta,埃斯特尔奥曼斯,加里·斯普林格",1975-09-21,"剧情,喜剧,犯罪",8.6,36893,https://img1.doubanio.com/view/photo/s_ratio_poster/public/p2121496968.webp
118,内布拉斯加,"布鲁斯·邓恩,威尔·福特,琼·斯奎布,鲍勃·奥登科克,斯泰西·基齐,玛丽·路易丝·威尔逊,兰斯·霍华德,蒂姆·德里斯科尔,戴文·雷特瑞,安吉拉·迈克伊万,格伦多拉·斯蒂特,伊丽莎白·穆尔,凯文·孔克尔,丹尼斯·麦科伊格,罗纳德·沃斯塔,米茜·多蒂",2013-05-23,"剧情,喜剧,家庭",8.6,33072,https://img3.doubanio.com/view/photo/s_ratio_poster/public/p2158863675.webp
119,面子,"陈冲,杨雅慧,陈凌,王进,Guang Lan Koh",2004-09-12,"剧情,喜剧,爱情,同性",8.6,28918,https://img1.doubanio.com/view/photo/s_ratio_poster/public/p2047680289.webp
120,亚当斯一家的价值观,克里斯汀·芭伦斯基,1993-11-19,"喜剧,家庭,奇幻,惊悚",8.6,14798,https://img3.doubanio.com/view/photo/s_ratio_poster/public/p652970475.webp
121,开罗紫玫瑰,"米亚·法罗,杰夫·丹尼尔斯,丹尼·爱罗",1985-03-01,"喜剧,奇幻,爱情",8.6,12635,https://img3.doubanio.com/view/photo/s_ratio_poster/public/p2218755965.webp
122,音乐会,"梅拉尼·罗兰,阿列克塞·古斯科夫,Dimitry Nazarov,Valeri Barinov,弗朗索瓦·贝莱昂,缪缪,利昂尔·阿贝兰斯基,朗齐·贝迪亚",2009-11-04,"喜剧,剧情,音乐",8.6,12572,https://img3.doubanio.com/view/photo/s_ratio_poster/public/p767824526.webp
123,笑之大学,"役所广司,稻垣吾郎,高桥昌也,小松政夫,木村多江,加藤爱,八岛智人",2004-10-30,"喜剧,剧情",8.6,12446,https://img3.doubanio.com/view/photo/s_ratio_poster/public/p886358101.webp
124,芭萨提的颜色,"阿米尔·汗,悉塔尔特,沙尔曼·乔希,库纳尔·卡普尔,阿图尔·库尔卡尼,彭雅思,苏哈.阿里汗,斯蒂文·麦金托什,马达范,瓦希达·拉赫曼,阿努潘·凯尔,凯伦·凯尔,欧姆·普瑞,Lekh Tandon,Cyrus Sahukar",2006-01-26,"剧情,喜剧,历史",8.6,10436,https://img3.doubanio.com/view/photo/s_ratio_poster/public/p488068976.webp
125,霹雳五号,"艾丽·西蒂,斯蒂夫·古根伯格,费舍·史蒂芬斯,奥斯汀·潘德尔顿,G.W.拜利,布莱恩·麦克纳玛拉,Tim Blaney,Marvin J. McIntyre,John Garber,Penny Santon,Vernon Weddle,芭芭拉·塔拉布克,Tom Lawrence,Fred Slyter,Billy Ray Sharkey",1986-05-09,"喜剧,家庭,科幻",8.6,10259,https://img3.doubanio.com/view/photo/s_ratio_poster/public/p1402862965.webp
126,敲开天堂的门,"蒂尔·施威格,扬·约瑟夫·利费斯,蒂埃里·范·维凡客,莫里兹·布雷多,休伯·史塔普,Leonard Lansink,Ralph Herforth,科奈莉亚·弗洛波伊斯,鲁特格尔·哈尔,Willi Thomczyk,克里斯蒂安娜·保罗,汉恩斯·詹尼可,Vladimir Weigl,珍妮·爱娃-艾瓦仓庚,科琳娜·哈弗奇",1997-02-20,"动作,犯罪,喜剧,剧情",8.6,9456,https://img3.doubanio.com/view/photo/s_ratio_poster/public/p1609250116.webp
127,意大利人在俄罗斯的奇遇,"安德烈·米罗诺夫,尼内托·达沃利,安冬尼娅·桑提利,阿利耶罗·隆歇热,塔诺·希玛罗萨",1974-01-31,"喜剧,冒险",8.6,8502,https://img3.doubanio.com/view/photo/s_ratio_poster/public/p1399525376.webp
128,广播时间,"西村雅彦,铃木京香,唐泽寿明,户田惠子,井上顺,细川俊之,奥贯薫,梶原善,茂吕师冈,近藤芳正,布施明,藤村俊二,并木史郎,田口浩正,梅野泰靖,渡边谦",1997-11-08,喜剧,8.6,7884,https://img1.doubanio.com/view/photo/s_ratio_poster/public/p803245998.webp
129,天堂陌影,"约翰·劳瑞,Eszter Balint,Richard Edson,Cecillia Stark,Danny Rosen,Rammellzee",1984-11-09,"喜剧,剧情",8.6,7077,https://img1.doubanio.com/view/photo/s_ratio_poster/public/p1730030247.webp
130,玩乐时间,"雅克·塔蒂,Barbara Dennek,France Rumilly,France Delahalle",1967-12-16,喜剧,8.6,6750,https://img1.doubanio.com/view/photo/s_ratio_poster/public/p2192795338.webp
131,爵士春秋,"罗伊·沙伊德尔,杰西卡·兰格,利兰·帕尔默,安·赖因肯斯,克里夫·戈曼,本·沃伦,伊丽莎白·福尔迪,迈克尔·托兰,马克斯·怀特,威廉·勒马萨纳,伊雷娜 · 凯恩,狄波拉·盖夫娜,凯瑟琳·多比,安东尼·霍兰德,罗伯特·希特,大卫·马古利斯,基斯·戈登,阿兰·海姆",1979-12-20,"剧情,喜剧,音乐,歌舞",8.6,5090,https://img3.doubanio.com/view/photo/s_ratio_poster/public/p2192967650.webp
132,早安,"杉村春子,笠智众,久我美子,三宅邦子,佐田启二,设乐幸嗣,岛津雅彦,高桥丰子,泽村贞子,东野英治郎,长冈辉子,三好荣子,田中春男,大泉滉",1959-05-12,喜剧,8.6,4095,https://img3.doubanio.com/view/photo/s_ratio_poster/public/p2200572533.webp
133,落叶,"山口胜平,本田贵子,水谷优子,飞田展男,高木渉,岩田光央,梁田清之",2004-01-17,"动画,动作,冒险,喜剧,科幻",8.6,3966,https://img3.doubanio.com/view/photo/s_ratio_poster/public/p453769222.webp
134,飞出个未来大电影1：班德大行动,"比利·维斯特,凯特蕾·萨加尔,约翰·迪·玛吉欧,特蕾丝·麦克尼尔,莫里斯·拉马奇,菲尔·拉马,劳伦·汤姆,大卫·赫尔曼,达恩·刘易斯,凯斯·索西,弗兰克·维尔克,库里奥,阿尔·戈尔,马克·哈米尔,汤姆·肯尼,萨拉·西尔弗曼,催眠蛤蟆",2007-11-27,"喜剧,爱情,动画",8.6,3245,https://img3.doubanio.com/view/photo/s_ratio_poster/public/p2191175944.webp
135,自由的幻影,"让-克洛德·布里亚利,米歇尔·皮科利,莫尼卡·维蒂,阿德里娅娜·阿斯蒂,朱利安·贝尔托",1974-09-11,"喜剧,剧情",8.6,2988,https://img1.doubanio.com/view/photo/s_ratio_poster/public/p1563624888.webp
136,母亲的城堡,"菲利普·科贝尔,娜莎丽·罗赛,Didier Pain,泰蕾兹·利奥塔尔,Julien Ciamaca,Victorien Delamare,Joris Molinas,皮埃尔·马格隆",1990-10-26,"冒险,传记,喜剧,剧情,爱情",8.6,2438,https://img3.doubanio.com/view/photo/s_ratio_poster/public/p2157181143.webp
137,木更津猫眼 日本篇,"冈田准一,櫻井翔,冈田义德,佐藤隆太,塚本高史,酒井若菜",2003-11-01,"喜剧,剧情,运动",8.6,2431,https://img3.doubanio.com/view/photo/s_ratio_poster/public/p2166334936.webp
138,犬之岛,"布莱恩·科兰斯顿,爱德华·诺顿,科宇·兰金,列维·施瑞博尔,杰夫·高布伦,比尔·默瑞,鲍勃·巴拉班,格蕾塔·葛韦格,弗兰西斯·麦克多蒙德,斯嘉丽·约翰逊,蒂尔达·斯文顿,卡拉·海沃德,野村训市,高山明,伊藤晃,哈威·凯特尔,F·默里·亚伯拉罕,小野洋子,渡边谦,夏木真理,费舍·史蒂芬斯,村上虹郎,考特尼·万斯,罗曼·科波拉,安杰丽卡·休斯顿,野田洋次郎,山田孝之,秋元梢,松田翔太,松田龙平,池田依来沙,杰克·莱恩,育乃介,儿玉太一,卡琳·奥克索,弗兰克·伍德,爱德华·博奇",2018-04-20,"喜剧,动画,冒险",8.6,2377,https://img3.doubanio.com/view/photo/s_ratio_poster/public/p2518856022.webp
139,快乐的结局,"Vladimír Mensík,Jaroslava Obermaierová,约瑟夫·阿布汉姆",1968-06-10,喜剧,8.6,1973,https://img3.doubanio.com/view/photo/s_ratio_poster/public/p2192276510.webp
140,猫和老鼠：魔法戒指,,2002-03-12,"喜剧,动画",8.6,1903,https://img3.doubanio.com/view/photo/s_ratio_poster/public/p2508702841.webp
141,命运的捉弄,"安德烈·米亚赫科夫,芭芭拉·布雷尔斯卡,尤里·雅科夫列夫",1975-12-31,"爱情,喜剧",8.6,1739,https://img3.doubanio.com/view/photo/s_ratio_poster/public/p2513481176.webp
142,谁在那儿歌唱？,"Pavle Vujisic,德拉甘·尼柯立克,达尼罗 -巴塔-斯托科维奇,亚力克斯桑德·贝奇科",1980-01-01,喜剧,8.6,1029,https://img3.doubanio.com/view/photo/s_ratio_poster/public/p1663037620.webp
143,神偷奶爸,"史蒂夫·卡瑞尔,杰森·席格尔,拉塞尔·布兰德,朱莉·安德鲁斯,威尔·阿奈特,克里斯汀·韦格,米兰达·卡斯格拉夫,达纳·盖尔,艾尔西·费舍尔,皮埃尔·柯芬,克里斯·雷纳德,杰梅奈·克莱门特,杰克·麦克布瑞尔,丹尼·麦克布莱德,敏迪·卡灵,罗布·许贝尔,肯·道里欧,郑肯",2010-06-20,"喜剧,动画,冒险",8.5,402760,https://img1.doubanio.com/view/photo/s_ratio_poster/public/p792776858.webp
144,喜剧之王,"周星驰,张柏芝,莫文蔚,吴孟达,林子善,田启文,李兆基,成龙,李思捷,郑文辉",1999-02-13,"喜剧,剧情,爱情",8.5,338750,https://img3.doubanio.com/view/photo/s_ratio_poster/public/p1043597424.webp
145,真爱至上,"休·格兰特,科林·费尔斯,艾玛·汤普森,凯拉·奈特莉,连姆·尼森,托马斯·布罗迪-桑斯特,比尔·奈伊,马丁·弗瑞曼,劳拉·琳妮,艾伦·瑞克曼,克里斯·马歇尔,罗德里戈·桑托罗,罗温·艾金森,比利·鲍伯·松顿,玛汀·麦古基安,安德鲁·林肯,露西娅·莫尼斯,海克·玛卡琪",2003-09-07,"喜剧,剧情,爱情",8.5,330920,https://img3.doubanio.com/view/photo/s_ratio_poster/public/p475600770.webp
146,再次出发之纽约遇见你,"凯拉·奈特莉,马克·鲁弗洛,亚当·莱文,詹姆斯·柯登,海莉·斯坦菲尔德,凯瑟琳·基纳,茅斯·达夫,罗伯·莫洛,伊恩·布罗茨基,香农·沃尔什,大卫·埃伯利斯,马科·阿桑特,玛丽·凯瑟琳·歌瑞森,詹·雅各布,席洛·格林,詹妮弗·李·杰克逊,特里·刘易斯,吉米·帕伦博,西蒙·德兰尼,丹妮尔·布里瑟布瓦,基恩·鲁弗洛,尼古拉斯·丹尼尔·冈萨雷斯,麦迪·科尔曼,阿雅·卡什,大卫·彭德尔顿,保罗·罗梅罗,安德鲁·塞伦,凯伦·皮特曼,罗恩·沃斯",2015-06-26,"喜剧,爱情,音乐",8.5,177933,https://img3.doubanio.com/view/photo/s_ratio_poster/public/p2250287733.webp
147,开心家族,"车太贤,高昌锡,张荣男,姜艺媛,千宝根,李文秀",2011-11-29,"剧情,喜剧,家庭",8.5,133143,https://img3.doubanio.com/view/photo/s_ratio_poster/public/p892692364.webp
148,遗愿清单,"杰克·尼科尔森,摩根·弗里曼,西恩·海耶斯,贝弗利·陶德,罗伯·莫洛,阿方索·弗里曼,韦尔达·布里奇斯,伊恩·安东尼·代尔,诺尔·古格雷米",2007-12-25,"冒险,喜剧,剧情",8.5,133057,https://img3.doubanio.com/view/photo/s_ratio_poster/public/p708613284.webp
149,麦兜故事,"李晋纬,林海峰,吴君如,黄秋生,Buxx Banner",2001-12-15,"剧情,喜剧,动画",8.5,131053,https://img3.doubanio.com/view/photo/s_ratio_poster/public/p804938713.webp
150,偷拐抢骗,"布拉德·皮特,本尼西奥·德尔·托罗,杰森·斯坦森,丹尼斯·法里纳,维尼·琼斯,拉德·舍博德兹加,阿兰·福德,连尼·詹姆斯,艾文·布莱纳,杰森·弗莱明,斯蒂芬·格拉汉姆",2000-09-01,"喜剧,犯罪",8.5,117854,https://img1.doubanio.com/view/photo/s_ratio_poster/public/p616753227.webp
151,哪啊哪啊神去村,"染谷将太,长泽雅美,伊藤英明,西田尚美,槙田雄司,优香,近藤芳正,光石研,柄本明",2014-05-10,"剧情,喜剧",8.5,91653,https://img3.doubanio.com/view/photo/s_ratio_poster/public/p2214469584.webp
152,回到未来,"迈克尔·J·福克斯,克里斯托弗·洛伊德,莉·汤普森,克里斯平·格洛弗,托马斯·F·威尔森,克劳迪娅·韦尔斯,马克·麦克卢尔,温迪·乔·斯佩博,乔治·第桑佐,弗兰西斯·李·麦克凯恩,詹姆斯·托根,J·J·科恩,凯西·希玛兹科,比利·赞恩,小哈利·沃特斯,唐纳德·富利洛夫,丽萨·弗里曼,克里斯滕·考夫曼",1985-07-03,"喜剧,科幻,冒险",8.5,75562,https://img3.doubanio.com/view/photo/s_ratio_poster/public/p475872903.webp
153,茜茜公主,"罗密·施奈德,卡尔海因茨·伯姆,玛格达·施奈德,乌塔·弗朗茨,古斯塔夫·克努特",1955-12-22,"喜剧,剧情,历史,爱情",8.5,73541,https://img1.doubanio.com/view/photo/s_ratio_poster/public/p2160427238.webp
154,土拨鼠之日,"比尔·默瑞,安迪·麦克道威尔,克里斯·艾略特,斯蒂芬·托布罗斯基,布赖恩·道尔,瑞克·欧弗顿,威利·加森,安吉拉·佩顿,里克·杜科蒙,罗宾·杜克,肯·哈德森·坎贝尔,莱斯·波德威尔",1993-02-12,"剧情,喜剧,爱情,奇幻",8.5,72358,https://img1.doubanio.com/view/photo/s_ratio_poster/public/p2493191199.webp
155,机器管家,"罗宾·威廉姆斯,艾伯丝·戴维兹,山姆·尼尔,奥利弗·普莱特,绮尔斯腾·瓦伦,温迪·古逊,海莉·凯特·爱森伯格,林兹·利瑟曼,安吉拉·兰迪斯,约翰·迈克尔·辛吉斯,布莱德利·惠特福德,伊戈尔·希勒,乔·贝兰,布雷特·瓦格纳,斯蒂芬·鲁特,斯科特·沃,奎因·史密斯,克里斯蒂·科内利,杰·约翰斯顿,乔治·华莱士,林恩·瑟格本,普雷斯·格里芬,玛西娅·皮佐,宝拉·迪普雷·佩斯门,克拉克·德弗洛",1999-12-13,"剧情,喜剧,科幻",8.5,49842,https://img3.doubanio.com/view/photo/s_ratio_poster/public/p2195410751.webp
156,安妮·霍尔,"伍迪·艾伦,黛安·基顿,谢莉·杜瓦尔,保罗·西蒙,卡洛·凯恩,克里斯托弗·沃肯,西格妮·韦弗",1977-04-20,"喜剧,剧情,爱情",8.5,47630,https://img3.doubanio.com/view/photo/s_ratio_poster/public/p619900470.webp
157,交响情人梦 最终乐章 前篇,"上野树里,玉木宏,瑛太,水川麻美,小出惠介,温兹瑛士,贝基,山田优,谷原章介,福士诚治,吉濑美智子,伊武雅刀,竹中直人",2009-12-19,"喜剧,剧情,音乐",8.5,28699,https://img3.doubanio.com/view/photo/s_ratio_poster/public/p575387624.webp
158,南方公园,"崔·帕克,马特·斯通,玛丽·凯·伯格曼,艾萨克·海耶斯,乔治·克鲁尼,明妮·德里弗",1999-06-30,"动画,喜剧,歌舞",8.5,28295,https://img3.doubanio.com/view/photo/s_ratio_poster/public/p1852116626.webp
159,出水芙蓉,"雷德·斯克尔顿,埃丝特·威廉斯,巴兹尔·拉思伯恩,比尔·戈德温,简·波特,娜娜·布莱恩特,卡洛斯·拉米雷斯,艾特尔·史密斯,丽娜·罗迈,海伦·弗雷斯特,唐纳德·米克,杰奎琳·达利娅,弗朗西斯·皮埃洛,安·科迪,玛格丽特·杜蒙,邦尼·瓦特斯,简妮丝·佩吉,哈维尔·库加特,哈里·詹姆斯,阿比盖尔·亚当斯,多萝西·亚当斯,简·伊丝贝尔",1944-06-27,"喜剧,歌舞",8.5,24496,https://img3.doubanio.com/view/photo/s_ratio_poster/public/p2497889942.webp
160,水牛城66,"文森特·加洛,克里斯蒂娜·里奇,本·戈扎那,米基·洛克,罗姗娜·阿奎特,冉-迈克尔·文森特,安杰丽卡·休斯顿,凯文·波拉克",1998-06-26,"喜剧,犯罪,剧情,爱情",8.5,24004,https://img3.doubanio.com/view/photo/s_ratio_poster/public/p453576673.webp
161,麻将,"柯宇纶,张震,林海象,唐从圣,维吉妮·拉朵嫣,金燕玲,王启赞,吴念真,尼克·埃里克森,柯一正,王柏森,张国柱,吴家丽",1996-12-07,"喜剧,剧情",8.5,21745,https://img3.doubanio.com/view/photo/s_ratio_poster/public/p2327303475.webp
162,朝圣之路,"马丁·辛,艾米利奥·艾斯特维兹,黛博拉·卡拉·安格,约里克·范·韦杰宁根,詹姆斯·内斯比特,斯宾塞·加雷特,切基·卡尤",2010-11-19,"剧情,喜剧,冒险",8.5,20032,https://img3.doubanio.com/view/photo/s_ratio_poster/public/p740305253.webp
163,邦尼和琼,"约翰尼·德普,玛丽·斯图尔特·马斯特森,艾丹·奎因,朱丽安·摩尔,威廉姆·H·梅西",1993-04-16,"喜剧,剧情,爱情",8.5,15686,https://img1.doubanio.com/view/photo/s_ratio_poster/public/p511366698.webp
164,海绵宝宝历险记,"汤姆·肯尼,克兰西·布朗,罗德格尔·邦帕斯,比尔·法格巴克,Mr. Lawrence,吉尔·塔利,卡罗琳·劳伦斯,Mary Jo Catlett,杰弗里·塔伯,斯嘉丽·约翰逊,亚历克·鲍德温,大卫·哈塞尔霍夫,克里斯托弗洛根,D.P. FitzGerald,Cole S. McKay",2004-11-19,"喜剧,动画,冒险",8.5,14698,https://img3.doubanio.com/view/photo/s_ratio_poster/public/p476254131.webp
165,二手狮王,"迈克尔·凯恩,罗伯特·杜瓦尔,海利·乔·奥斯蒙,凯拉·塞吉维克,艾里克·巴弗尔,乔什·卢卡斯",2003-09-19,"喜剧,剧情,家庭",8.5,12577,https://img1.doubanio.com/view/photo/s_ratio_poster/public/p1626609748.webp
166,转转,"小田切让,三浦友和,小泉今日子,吉高由里子,岩松了,松重丰,岸部一德,麻生久美子",2007-11-10,喜剧,8.5,12418,https://img1.doubanio.com/view/photo/s_ratio_poster/public/p1111394339.webp
167,马路天使,"周璇,赵丹,魏鹤龄,钱千里",1937,"剧情,喜剧",8.5,12017,https://img3.doubanio.com/view/photo/s_ratio_poster/public/p2194956092.webp
168,狗脸的岁月,"安东·格兰泽柳斯,托马斯·冯·布罗姆森,安琪·丽登,梅琳达·金纳曼,基克基·伦德格伦,伦纳特·胡尔斯特罗姆,英格玛丽·卡尔松,莱夫·埃里克松,克里斯蒂娜·卡尔温德,拉夫·卡尔松,维韦卡·达伦,阿诺尔德·阿尔弗雷德松,Fritz Elofsson,Didrik Gustafsson,扬-菲利普·霍尔斯特伦",1985-12-12,"剧情,喜剧",8.5,11505,https://img1.doubanio.com/view/photo/s_ratio_poster/public/p1910923348.webp
169,钢铁巨人,"艾力·马伦斯奥,范·迪塞尔,小哈里·康尼克,詹妮弗·安妮斯顿,克里斯托弗·麦克唐纳,詹姆斯·盖蒙,克萝丽丝·利奇曼,约翰·马奥尼,M·埃梅特·沃尔什,鲍伯·伯根,奥利·约翰斯顿,法兰克·汤玛斯",1999-08-06,"喜剧,科幻,动画,冒险",8.5,10809,https://img3.doubanio.com/view/photo/s_ratio_poster/public/p453506001.webp
170,少爷,"二宫和也,松下奈绪,古田新太,八岛智人,山本耕史,及川光博,岸部一德,宫本信子,又吉直树,鹫尾真知子,佐藤浩市,浅野优子,小林薰",2016-01-03,"剧情,喜剧",8.5,10684,https://img3.doubanio.com/view/photo/s_ratio_poster/public/p2302502360.webp
171,黑猫白猫,"斯尔詹·托多罗维奇,布兰卡·卡蒂奇,巴伊拉姆·瑟瓦丹,弗洛里安·艾登,鲁比卡·艾德维奇,扎比特·梅梅托夫,萨布·苏莱曼尼,Jasar Destani,普雷德拉格·拉科维奇,米基·马诺伊洛维奇",1998-09-10,"喜剧,音乐,爱情",8.5,9922,https://img1.doubanio.com/view/photo/s_ratio_poster/public/p2176669838.webp
172,莫斯科不相信眼泪,"薇拉·阿莲托娃,阿列克谢·巴塔洛夫,伊琳娜·穆拉维耶娃,罗莎·梁赞诺娃",1980-02-11,"喜剧,剧情,爱情",8.5,8952,https://img1.doubanio.com/view/photo/s_ratio_poster/public/p1024160518.webp
173,午夜狂奔,"罗伯特·德尼罗,查尔斯·格罗丁,亚非特·科托",1988-07-20,"动作,冒险,喜剧,犯罪,惊悚",8.5,8532,https://img3.doubanio.com/view/photo/s_ratio_poster/public/p1483943303.webp
174,流星语,"张国荣,叶靖岚,狄龙,吴家丽,琦琦,李蕙敏,白嘉倩,林家栋,沈傲君,邓一君,黄家诺",1999-10-14,"喜剧,剧情",8.5,7800,https://img3.doubanio.com/view/photo/s_ratio_poster/public/p939431341.webp
175,解构爱情狂,"伍迪·艾伦,罗宾·威廉姆斯,黛米·摩尔,托比·马奎尔,柯尔斯蒂·艾利,比利·克里斯托,伊丽莎白·苏,玛瑞儿·海明威",1997-12-12,"喜剧,剧情,奇幻,爱情",8.5,7609,https://img3.doubanio.com/view/photo/s_ratio_poster/public/p2099964935.webp
176,心灵点滴,"罗宾·威廉姆斯,丹尼尔·伦敦,莫妮卡·波特,菲利普·塞默·霍夫曼,鲍勃·冈顿,约瑟夫·索默,艾尔玛·霍尔,弗兰西斯·李·麦克凯恩,哈威·普雷斯内尔,达尼爱拉·库恩,彼德·考约特,詹姆斯·格林,迈克尔·杰特,海尔德·高德",1998-12-25,"剧情,喜剧,传记",8.5,7142,https://img1.doubanio.com/view/photo/s_ratio_poster/public/p735865077.webp
177,油炸绿番茄,"凯西·贝茨,杰西卡·坦迪,玛丽·露易斯·帕克,玛丽·斯图尔特·马斯特森",1991-12-27,"剧情,喜剧",8.5,3947,https://img1.doubanio.com/view/photo/s_ratio_poster/public/p1452662468.webp
178,热带鱼,"林嘉宏,文英,林正盛,连碧东,席敬伦,黄美文,陈金财,郎祖筠,阿匹婆,陈慕义,林照雄,赵正平",1995-08-01,"喜剧,剧情",8.5,3921,https://img1.doubanio.com/view/photo/s_ratio_poster/public/p1148607609.webp
179,盗信情缘,"堤真一,远山景织子,堀部圭亮,大杉涟,平泉成",1997-08-16,"犯罪,剧情,动作,喜剧",8.5,3728,https://img3.doubanio.com/view/photo/s_ratio_poster/public/p453460950.webp
180,谁来为我摘月亮,"莫里兹·布雷多,丘利潘·哈马托娃,梅拉布·尼尼泽,迪马克梅·阿基莫夫",1999-09-08,"喜剧,剧情",8.5,3235,https://img1.doubanio.com/view/photo/s_ratio_poster/public/p459930268.webp
181,一夜狂欢,"约翰·列侬,保罗·麦卡特尼,乔治·哈里逊,林哥·斯塔尔",1964-07-06,"喜剧,音乐",8.5,2814,https://img3.doubanio.com/view/photo/s_ratio_poster/public/p2176608211.webp
182,极乐同盟,"Petr Meissel,Gabriela Wilhelmová,Barbora Hrzánová",1996,"动画,喜剧",8.5,2698,https://img3.doubanio.com/view/photo/s_ratio_poster/public/p1007772754.webp
183,你逃我也逃,"梅尔·布鲁克斯,安妮·班克罗夫特,提姆·麦锡森,查尔斯·德恩,克里斯托弗·洛伊德",1983-12-16,"剧情,战争,喜剧",8.5,2681,https://img3.doubanio.com/view/photo/s_ratio_poster/public/p1482501815.webp
184,战地军魂,"威廉·霍尔登,唐·泰勒,奥托·普雷明格,罗伯特·斯特劳斯,哈维·莱姆贝克",1953-05-29,"剧情,喜剧,战争",8.5,2605,https://img3.doubanio.com/view/photo/s_ratio_poster/public/p2205714500.webp
185,君臣人子小命呜呼,"蒂姆·罗斯,加里·奥德曼,理查德·德莱弗斯",1990-09-12,"喜剧,剧情",8.5,2596,https://img3.doubanio.com/view/photo/s_ratio_poster/public/p1020454375.webp
186,浪荡儿,"弗朗科·英特朗吉,阿尔贝托·索尔迪,佛朗哥·法布里齐,莱奥波多·特里耶斯泰,Riccardo Fellini,莉奥诺拉·罗芙,Jean Brochard,Claude Farell",1953-08-26,"喜剧,剧情",8.5,2494,https://img3.doubanio.com/view/photo/s_ratio_poster/public/p2204692623.webp
187,稻草人,"卓勝利,张柏舟,吴炳南,文英,杨贵媚,柯俊雄,林美照",1987-10-23,"喜剧,历史,战争",8.5,2383,https://img3.doubanio.com/view/photo/s_ratio_poster/public/p2461104465.webp
188,高山上的世界杯,"Orgyen Tobgyal,Neten Chokling,Jamyang Lodro",2000-04-21,"喜剧,运动",8.5,2014,https://img3.doubanio.com/view/photo/s_ratio_poster/public/p1066348962.webp
189,史楚锡流浪记,"布鲁诺·斯列斯坦,埃娃·马特斯,Clemens Scheitz",1977-01-12,"剧情,喜剧",8.5,1829,https://img3.doubanio.com/view/photo/s_ratio_poster/public/p1661865334.webp
190,三笑,"陈思思,向群,文逸民,龚秋霞",1964-03-21,喜剧,8.5,1593,https://img3.doubanio.com/view/photo/s_ratio_poster/public/p2345607696.webp
191,待客之道,"巴斯特·基顿,乔·罗伯茨,Monte Collins,Buster Keaton Jr.,乔·基顿",1923-11-19,"喜剧,家庭",8.5,1475,https://img3.doubanio.com/view/photo/s_ratio_poster/public/p2497704424.webp
192,初恋,"郑允浩,朴有天,全慧彬,张英兰",2005-10-09,"喜剧,爱情",8.5,1241,https://img3.doubanio.com/view/subject/l/public/s6808094.jpg
193,工作,"Loredana Detto,Sandro Panseri,Mara Revel,图利奥·凯齐赫",1962-10-15,"喜剧,剧情",8.5,1051,https://img3.doubanio.com/view/photo/s_ratio_poster/public/p2504842610.webp
194,王牌特工：特工学院,"塔伦·埃格顿,科林·费尔斯,塞缪尔·杰克逊,迈克尔·凯恩,马克·斯特朗,索菲·库克森,索菲亚·波多拉,马克·哈米尔,杰克·达文波特,萨曼塔·沃马克,汉娜·奥斯特罗姆,约诺·戴维斯,亚历克斯·尼科洛夫,维利贝·托皮奇,杰夫·贝尔,艾德里安·奎因顿,乔丹·朗,西奥·巴克利姆比格斯,摩根·华金斯,拉尔夫·尹爱森,爱德华·霍尔克罗夫特,尼古拉斯·班克斯",2015-03-27,"喜剧,动作,冒险",8.4,359807,https://img3.doubanio.com/view/photo/s_ratio_poster/public/p2231932406.webp
195,唐伯虎点秋香,"周星驰,巩俐,陈百祥,郑佩佩,朱咪咪,梁家仁,苑琼丹,梁荣忠,黄一山,黄霑,吴镇宇,刘家辉,蓝洁瑛,谷德昭,陈辉虹,李健仁,宣萱,温翠萍",1993-07-01,"喜剧,爱情,古装",8.4,349040,https://img3.doubanio.com/view/photo/s_ratio_poster/public/p1946455272.webp
196,驴得水,"任素汐,大力,刘帅良,裴魁山,阿如那,韩彦博,卜冠今,王堃,高阳,苏千越,查尔斯·亚瑟,王峰",2016-10-28,"剧情,喜剧",8.4,338718,https://img3.doubanio.com/view/photo/s_ratio_poster/public/p2393044761.webp
197,冰川时代,"雷·罗马诺,约翰·雷吉扎莫,丹尼斯·利瑞,杰克·布莱克",2002-03-15,"喜剧,动画,冒险",8.4,284136,https://img1.doubanio.com/view/photo/s_ratio_poster/public/p1910895719.webp
198,我的个神啊,"阿米尔·汗,安努舒卡·莎玛,桑杰·达特,博曼·伊拉尼,沙鲁巴·舒克拉,苏尚特·辛格·拉吉普特,帕里卡沙特.萨赫尼,阿马尔迪普·杰哈,瑞玛·德纳斯,迪伦德拉·德维韦迪,赛·甘德沃尔,拉姆·P·塞蒂",2015-05-22,"喜剧,奇幻",8.4,187876,https://img3.doubanio.com/view/photo/s_ratio_poster/public/p2243803873.webp
199,了不起的狐狸爸爸,"乔治·克鲁尼,梅丽尔·斯特里普,詹森·舒瓦兹曼,埃里克·蔡斯·安德森,比尔·默瑞,华莱士·沃洛达斯基,迈克尔·刚本,威廉·达福,欧文·威尔逊,贾维斯·考科尔,韦斯·安德森,凯伦·达菲,罗宾·赫尔斯通,雨果·吉尼斯,海伦·麦克洛瑞,罗曼·科波拉,尤玛·马努夫,杰瑞米·道森,加斯·詹宁斯,布莱恩·考克斯,特里斯坦·奥利弗,詹姆斯·哈密尔顿,史蒂文·M·拉尔斯,罗伯·赫尔索夫,珍妮弗·弗切斯,艾莉森·阿巴特,茉莉·库珀,艾德里安·布洛迪,马利欧·巴塔利,马丁·巴拉德",2009-10-14,"喜剧,动画,冒险",8.4,113612,https://img3.doubanio.com/view/photo/s_ratio_poster/public/p2174698025.webp
200,麦兜·当当伴我心,"黄秋生,吴君如,胡歌,郑中基,许飞",2012-07-10,"喜剧,动画",8.4,78543,https://img3.doubanio.com/view/photo/s_ratio_poster/public/p2454027095.webp
201,盗钥匙的方法,"堺雅人,香川照之,广末凉子,荒川良良,森口瑶子",2012-06-17,"剧情,喜剧",8.4,77860,https://img1.doubanio.com/view/photo/s_ratio_poster/public/p1979399699.webp
202,艺术家,"让·杜雅尔丹,贝热尼丝·贝乔,约翰·古德曼,詹姆斯·克伦威尔,比茜·图诺克,佩内洛普·安·米勒,马尔科姆·麦克道威尔,小狗乌吉 ",2012-12-28,"剧情,喜剧,爱情",8.4,76692,https://img3.doubanio.com/view/photo/s_ratio_poster/public/p1341284796.webp
203,辛普森一家,"丹·卡斯泰兰尼塔,朱莉·卡夫娜,南茜·卡特莱特,雅德丽·史密斯,汉克·阿扎利亚,哈里·谢尔,潘蜜拉·海登,特蕾丝·麦克尼尔,艾伯特·布鲁克斯,卡尔·维耶德戈特,玛西娅·华莱士,露西·泰勒,麦琪·罗丝威尔,Philip Rosenthal,比利·乔·阿姆斯特朗,特雷·库尔,迈克·德特,乔·曼特纳,汤姆·汉克斯",2007-07-27,"动画,冒险,喜剧",8.4,63343,https://img1.doubanio.com/view/photo/s_ratio_poster/public/p1947152148.webp
204,小羊肖恩,"贾斯汀·弗莱彻,约翰·斯帕克斯,欧米德·吉亚李利,理查德·韦伯,凯特·哈伯,安迪·尼曼,西蒙·格林诺,艾玛·泰特,蒂姆·汉兹,杰克·保尔森,西恩·康诺利,亨利·伯顿,迪曼特·维瓦斯,苏菲·劳顿,妮娅·梅迪·詹姆斯,斯坦利·昂温",2015-07-17,"喜剧,动画,冒险",8.4,58155,https://img3.doubanio.com/view/photo/s_ratio_poster/public/p2249261202.webp
205,百变狸猫,"古今亭志ん朝,三木纪平,清川虹子,野野村真,石田百合子,泉谷茂,芦屋雁之助,村田雄浩",1994-07-16,"动画,喜剧,剧情,奇幻",8.4,57784,https://img3.doubanio.com/view/photo/s_ratio_poster/public/p2156875496.webp
206,蓝白红三部曲之白,"泽比纽·扎马洲斯基,朱莉·德尔佩,扬努斯·加约斯,杰基·斯图尔,亚历山大·巴尔迪尼,格热戈日·瓦寇,采扎里·哈拉西摩威奇,杰兹·诺瓦克,杰吉·特雷拉,采扎里·帕祖拉,菲利普·莫里尔-热努,比奥迪·玛查里卡,弗朗西斯·科菲内,芭芭拉·杰坎,马尔泽娜·泰巴拉,特蕾莎·布齐什-克日扎诺夫斯卡,朱丽叶·比诺什",1994-01-26,"喜剧,剧情,悬疑,爱情",8.4,53699,https://img3.doubanio.com/view/photo/s_ratio_poster/public/p1604838524.webp
207,三毛从军记,"贾林,魏宗万,孙飞虎,朱艺,李颖",1992,"剧情,喜剧,战争",8.4,49844,https://img1.doubanio.com/view/photo/s_ratio_poster/public/p2252295029.webp
208,偶滴神啊,"阿克谢·库玛尔,帕莱什·拉瓦尔,米特胡恩·查克拉博蒂,欧姆·普瑞,康柯纳·森·沙尔玛,索娜什·辛哈 ,普拉部·地伐,马赫什·曼杰瑞卡,Govind Namdeo",2012-09-28,"剧情,喜剧",8.4,42814,https://img1.doubanio.com/view/photo/s_ratio_poster/public/p1792520018.webp
209,杰出公民,"奥斯卡·马丁内兹,达迪·布列瓦,安德丽娅·弗里杰里奥,诺拉·纳瓦斯,曼努埃尔·维森特,马塞洛·丹德烈亚,贝伦·沙瓦纳,古斯塔沃·加尔松,朱利安·拉基尔·泰拉里尼,艾玛·里维拉,尼古拉斯·德·特蕾西,丹尼尔·卡尔吉曼,亚历克西斯·洛佩兹·科斯塔,莱昂纳多·穆里亚,佩德罗·罗斯",2016-09-04,"剧情,喜剧",8.4,41472,https://img3.doubanio.com/view/photo/s_ratio_poster/public/p2441383861.webp
210,五个扑水的少年,"妻夫木聪,玉木宏,三浦哲郁,近藤公园,金子贵俊,平山绫,真锅香织,竹中直人,杉本哲太,谷启,柄本明,德井优,川村贵志,松永大司,西川祐也,山崎胜之,杉浦太阳,田中幸太朗,内田春菊,蛭子能收,角替和枝,铃木砂羽,近藤芳正,西田尚美,山下真司,田中要次,本田大辅,森山荣治,上野未来",2001-09-15,"喜剧,运动",8.4,32986,https://img1.doubanio.com/view/photo/s_ratio_poster/public/p958191439.webp
211,亚当斯一家,"安杰丽卡·休斯顿,劳尔·胡里亚,克里斯托弗·洛伊德,克里斯蒂娜·里奇,丹娜·爱薇,卡雷尔·斯特鲁基,丹·哈达亚",1991-11-22,"喜剧,家庭,奇幻",8.4,24514,https://img3.doubanio.com/view/photo/s_ratio_poster/public/p1219939183.webp
212,弗兰西丝·哈,"格蕾塔·葛韦格,米奇·萨姆纳,迈克尔·埃斯佩尔,亚当·德赖弗,迈克尔·泽根,Charlotte d'Amboise,格蕾丝·古默,贾斯汀·卢佩",2012-09-01,"剧情,喜剧",8.4,21984,https://img1.doubanio.com/view/photo/s_ratio_poster/public/p1927054388.webp
213,家族之苦2,"桥爪功,吉行和子,西村雅彦,夏川结衣,中岛朋子,林家正蔵,妻夫木聪,苍井优,小林稔侍,风吹淳,中村鹰之资,丸山步梦,有园芳记,藤山扇治郎,徳永雄辉,剧团一人,笑福亭鹤瓶,广冈由里子,北山雅康,近藤公园",2017-02-10,"喜剧,家庭",8.4,14417,https://img3.doubanio.com/view/photo/s_ratio_poster/public/p2458687725.webp
214,契克,"特里斯坦·格贝尔,阿南德·巴特比勒格,阿妮娅·文德尔,尤斯蒂娜·洪普夫,保罗·布舍,杰罗姆·赫汤蒙,麦克斯·克鲁格,乌多·萨梅尔,安雅·施耐德,纳丁·杜布瓦,亨宁·佩克,乌韦·博姆,卡特琳娜·珀罗简,萨米·苏瑞泽尔,尤利乌斯·费尔斯伯格,海伦娜·西格蒙德-舒尔茨,克劳迪亚·盖斯勒-巴丁,马克·霍泽曼,尼科尔·默西迪丝·穆勒,亚历山大·吉尔,弗雷德里克·坎普特,凯·伊沃·保利兹",2016-09-15,"剧情,喜剧",8.4,14417,https://img3.doubanio.com/view/photo/s_ratio_poster/public/p2369390663.webp
215,樱桃小丸子 真人版1,"森迫永依,福田麻由子,高桥克实,美山加恋,元冬树,清水美智子,马宫辉",2006-04-18,喜剧,8.4,9030,https://img3.doubanio.com/view/photo/s_ratio_poster/public/p2509125890.webp
216,小公主,"秀兰·邓波儿,理查德·格林,安妮塔·露易丝,Ian Hunter,恺撒·罗摩洛",1939-03-10,"喜剧,剧情,家庭,歌舞",8.4,8866,https://img3.doubanio.com/view/photo/s_ratio_poster/public/p2170114015.webp
217,列宁格勒牛仔征美记,"马蒂·佩龙帕,吉姆·贾木许,卡里·瓦纳宁,Sakke Järvenpää,萨卡里·库斯曼嫩,Silu Seppälä,Mato Valtonen,奥利·图奥米宁,理查德·伯斯",1989-03-24,"喜剧,音乐",8.4,6344,https://img1.doubanio.com/view/photo/s_ratio_poster/public/p1652557747.webp
218,第八日,"丹尼尔·奥特伊,帕斯卡·杜奎奈,缪缪",1996-05-22,"喜剧,剧情",8.4,6192,https://img3.doubanio.com/view/photo/s_ratio_poster/public/p1184771401.webp
219,我的舅舅,"雅克·塔蒂,让·皮埃尔·佐拉,Adrienne Servantie",1958-05-10,喜剧,8.4,4915,https://img1.doubanio.com/view/photo/s_ratio_poster/public/p685838678.webp
220,游戏规则,"诺拉·格雷戈尔,波莱特·杜博斯特,米拉·帕雷利,奥黛特·塔拉扎克,马塞尔·达里奥",1939-07-08,"喜剧,剧情",8.4,4873,https://img1.doubanio.com/view/photo/s_ratio_poster/public/p863429327.webp
221,日以作夜,"杰奎琳·比塞特,瓦伦蒂娜·格特斯,达尼,让-皮埃尔·利奥德,弗朗索瓦·特吕弗,让-皮埃尔·奥蒙特",1973-05-24,"喜剧,剧情,爱情",8.4,4578,https://img3.doubanio.com/view/photo/s_ratio_poster/public/p2298440925.webp
222,蒲公英,"山崎努,宫本信子,役所广司,大泷秀治,渡边谦,津川雅彦,冈田茉莉子,井川比佐志,桥爪功,中村伸郎,藤田敏八,黑田福美",1985-11-23,喜剧,8.4,4472,https://img3.doubanio.com/view/photo/s_ratio_poster/public/p2390145496.webp
223,宝贝小情人,"安娜·克鲁姆斯基,麦考利·卡尔金,杰米·李·柯蒂斯",1991-11-27,"剧情,喜剧,爱情",8.4,4193,https://img1.doubanio.com/view/photo/s_ratio_poster/public/p1194943338.webp
224,给我一个爸,"兹旦内克·斯维拉克,安德列·查利蒙,利布谢·赛文卡娃,翁德雷·维特希,史黛拉·查娜克娃,拉吉斯拉夫·斯莫利亚克,伊琳娜·别兹鲁科夫,西尔维娅·苏瓦栁娃,莉利亚·马尔金,卡雷尔·黑勒曼克,佩特拉·斯贝尔克瓦,妮拉·布德芙,雷尼·普瑞比勒,米罗斯拉夫·塔博尔斯基,丝拉芙卡·布迪诺娃",1996-05-15,"剧情,喜剧,音乐",8.4,3968,https://img3.doubanio.com/view/photo/s_ratio_poster/public/p2399528486.webp
225,五至七时的克莱奥,"科琳娜·马尔尚,Antoine Bourseiller,Dominique Davray,Dorothée Blanck,米歇尔·勒格朗,约瑟·路易斯·德·维拉龙卡,Loye Payen,Renée Duchateau,Lucienne Marchand,塞吉·科波尔,让-吕克·戈达尔,安娜·卡里娜",1962-04-11,"喜剧,剧情,音乐",8.4,3687,https://img3.doubanio.com/view/photo/s_ratio_poster/public/p2438827116.webp
226,飞行器里的好小伙，或我是怎样花25小时11分从伦敦飞到巴黎,"Stuart Whitman,Sarah Miles,James Fox,Alberto Sordi,Robert Morley",1965-06-03,"冒险,喜剧,动作",8.4,3623,https://img3.doubanio.com/view/photo/s_ratio_poster/public/p700027492.webp
227,仁心与冠冕,"亚历克·吉尼斯,瓦莱莉娅·霍布森,丹尼斯·普莱斯",1949-06-21,"喜剧,犯罪",8.4,3142,https://img1.doubanio.com/view/photo/s_ratio_poster/public/p1112153309.webp
228,意大利式离婚,"马塞洛·马斯楚安尼,达尼埃拉·罗卡,斯特法尼娅·桑德雷利",1961-12-20,喜剧,8.4,2486,https://img3.doubanio.com/view/photo/s_ratio_poster/public/p2197945536.webp
229,影迷,"杰基·斯图尔,莫格莎塔·札柯夫斯卡,艾娃·珀卡斯,斯特凡·希泽斯基,杰兹·诺瓦克,塔德乌什·布拉德基,马雷克·莱特卡,博古斯拉夫·索伯祖克,克日什托夫·扎努西,安德烈·朱加",1979-11-16,"剧情,喜剧,爱情",8.4,2173,https://img3.doubanio.com/view/photo/s_ratio_poster/public/p2167206904.webp
230,泯灭天使,"西尔维娅·皮纳尔,Enrique Rambal,克劳迪奥·布鲁克",1962-12-16,"喜剧,剧情,奇幻,悬疑",8.4,2090,https://img3.doubanio.com/view/photo/s_ratio_poster/public/p1691815236.webp
231,福禄双霸天,"约翰·贝鲁西,丹·艾克罗伊德,詹姆斯·布朗,凯比·卡洛威,雷·查尔斯,艾瑞莎·弗兰克林,史蒂夫·克罗帕,唐纳德邓恩,Murphy Dunne,威利霍尔,汤姆·马龙,洛乌·马里尼,马特·墨菲,艾伦·鲁宾,凯丽·费雪",1980-06-20,"喜剧,动作,犯罪,音乐",8.4,1847,https://img3.doubanio.com/view/photo/s_ratio_poster/public/p1690617156.webp
232,小叛逆,秀兰·邓波儿 (Shirley Temple),1935-11-22,"喜剧,剧情,家庭,战争",8.4,1712,https://img3.doubanio.com/view/photo/s_ratio_poster/public/p2170113566.webp
233,满城风雨,"杰克·莱蒙,沃尔特·马修,苏珊·萨兰登,文森特·加迪尼亚,大卫·韦恩,艾伦·加菲尔德,奥斯汀·潘德尔顿,查尔斯·德恩,赫布·埃德尔曼,马丁·加贝尔,海尔德·高德,克利夫·奥斯蒙德,迪克·奥尼尔,Jon Korkes,洛乌·弗里泽尔,卡罗尔·博内特",1974-12-17,"喜剧,剧情,爱情",8.4,1704,https://img1.doubanio.com/view/photo/s_ratio_poster/public/p2171856537.webp
234,七宗罪,"Danièle Barraud,让-皮埃尔·卡塞尔,达尼·萨瓦尔,乔治·威尔森,让·德赛利,埃迪·康斯坦丁,玛丽那·维拉迪,玛丽-若斯·纳特",1962-03-07,喜剧,8.4,1333,https://img3.doubanio.com/view/subject/l/public/s3308752.jpg
235,去往蒙巴萨的单程票,"Antti Tarvainen,Joonas Saartamo,Johanna Rönnlöf",2003-11-16,"喜剧,剧情",8.4,1329,https://img3.doubanio.com/view/photo/s_ratio_poster/public/p978570164.webp
236,吝啬鬼,"Louis de Funès,Frank David,Hervé Bellon",1980-03-05,喜剧,8.4,1231,https://img3.doubanio.com/view/photo/s_ratio_poster/public/p1621388430.webp
237,一路上有你,"Ian Michael Smith,约瑟夫·梅泽罗,艾什莉·贾德,奥利弗·普莱特,大卫·斯特雷泽恩,丹娜·爱薇",1998-09-11,"喜剧,剧情",8.4,1217,https://img3.doubanio.com/view/photo/s_ratio_poster/public/p2219604523.webp
238,我的家人和其他动物,"尤金·西蒙,马修·古迪,拉塞尔·托维,塔姆金·莫钦特,欧米德·吉亚李利,艾美达·斯丹顿,Chris Langham",2005-12-27,"剧情,喜剧",8.4,1143,https://img3.doubanio.com/view/photo/s_ratio_poster/public/p2514146695.webp
239,忍者小英雄,"黄自强,迈克尔·特雷纳,麦克斯·艾略特·斯莱德,Chad Power",1992-08-07,"喜剧,动作,运动",8.4,1075,https://img3.doubanio.com/view/photo/s_ratio_poster/public/p1845500552.webp
240,欢愉,"克洛德·多芬,加比·莫尔莱,马德莱娜·雷诺,吉内特·勒克莱尔,达尼埃尔·达里约",1952-02-29,"喜剧,剧情",8.4,1067,https://img3.doubanio.com/view/photo/s_ratio_poster/public/p2400044253.webp
241,猫和老鼠：火星之旅,"杰夫·贝内特,科里·伯顿,凯瑟琳·费奥雷",2005-05-10,"喜剧,动画",8.4,1008,https://img3.doubanio.com/view/photo/s_ratio_poster/public/p2240125090.webp
242,初恋这件小事,"平采娜·乐维瑟派布恩,马里奥·毛瑞尔,苏达拉·布查蓬,雅尼卡·桑普蕾舞,诺特·阿查拉那·阿瑞亚卫考,皮拉瓦特·赫拉巴特,普特鹏·普罗萨卡·那·萨克那卡林,华森·波克彭",2012-06-05,"剧情,喜剧,爱情",8.3,477368,https://img3.doubanio.com/view/photo/s_ratio_poster/public/p1505312273.webp
243,疯狂的石头,"郭涛,刘桦,连晋,黄渤,徐峥,优恵,罗兰 ,王迅",2006-06-30,"喜剧,犯罪",8.3,326012,https://img3.doubanio.com/view/photo/s_ratio_poster/public/p712241453.webp
244,冰雪奇缘,"克里斯汀·贝尔,伊迪娜·门泽尔,乔纳森·格罗夫,乔什·加德,圣蒂诺·方塔纳,艾伦·图代克,塞伦·希德,克里斯·威廉姆斯,斯蒂芬·安德森,玛雅·威尔逊,伊迪·迈克莱尔,罗伯特·派恩,莫里斯·拉马奇,珍妮弗·李,莉薇·施图本劳赫,伊娃·贝拉,斯宾塞·莱西·加纳斯,泰里·布朗,杰西·科尔蒂,杰夫·马库斯,塔克·吉莫尔,保罗·布里格斯",2014-02-05,"喜剧,动画,奇幻,歌舞",8.3,317474,https://img3.doubanio.com/view/photo/s_ratio_poster/public/p2166640945.webp
245,里约大冒险,"杰西·艾森伯格,安妮·海瑟薇,乔治·洛佩兹,罗德里戈·桑托罗,凯特·德尔·卡斯蒂洛,卡洛斯·庞丝,伯纳多·德·保拉",2011-04-08,"喜剧,动画,冒险",8.3,224482,https://img1.doubanio.com/view/photo/s_ratio_poster/public/p2170811687.webp
246,钢的琴,"王千源,秦海璐,张申英,刘谦,罗二羊,国永振,周逵,田雨,张亚希,项燕,许江宁,张惠志,刘星禹,王早来,王玥",2011-07-15,"剧情,喜剧",8.3,181222,https://img1.doubanio.com/view/photo/s_ratio_poster/public/p511447359.webp
247,白日梦想家,"本·斯蒂勒,克里斯汀·韦格,亚当·斯科特,雪莉·麦克雷恩,西恩·潘,凯瑟琳·哈恩,泰伦斯·伯尼·海恩斯 ,保罗·菲兹杰拉德,格蕾丝·雷克斯,乔恩·戴利,乔伊·斯洛特尼克",2013-12-25,"剧情,喜剧,冒险",8.3,156139,https://img3.doubanio.com/view/photo/s_ratio_poster/public/p2160195181.webp
248,甲方乙方,"葛优,刘蓓,何冰,冯小刚,英达,徐帆,杨立新,李琦,傅彪,李滨,叶京,刘震云,王小柱,张秋芳,孟赫,马永玲,孙桂田,李伟健",1997-12-24,喜剧,8.3,146652,https://img3.doubanio.com/view/photo/s_ratio_poster/public/p2436823425.webp
249,奇怪的她,"沈恩京,罗文姬,朴仁焕,李阵郁,郑真英,成东日,金秀贤",2014-01-22,"喜剧,奇幻",8.3,124070,https://img1.doubanio.com/view/photo/s_ratio_poster/public/p2162863558.webp
250,巴黎，我爱你,"朱丽叶·比诺什,威廉·达福,娜塔莉·波特曼,加斯帕德·尤利尔,热拉尔·德帕迪约,玛吉·吉伦哈尔,伊利亚·伍德,欧嘉·柯瑞兰寇,亚历山大·佩恩,李昕,伊里斯·麦康利,莱拉·贝蒂,塞瑞尔·戴思科斯,布鲁诺·波达里德斯,史蒂夫·布西密",2006-05-18,"剧情,喜剧,爱情",8.3,121555,https://img3.doubanio.com/view/photo/s_ratio_poster/public/p1762258035.webp
251,天生一对,"琳赛·洛翰,丹尼斯·奎德,娜塔莎·理查德森,伊莲·亨德里克斯,丽萨·安·沃尔特,西蒙·坤茨,罗尼·斯蒂芬斯,玛姬·惠勒",1998-07-29,"剧情,儿童,喜剧,爱情,家庭",8.3,107516,https://img3.doubanio.com/view/photo/s_ratio_poster/public/p1933809793.webp
252,热血警探,"西蒙·佩吉,尼克·弗罗斯特,吉姆·布劳德本特,马丁·弗瑞曼,比尔·奈伊,比尔·贝利",2007-02-14,"喜剧,动作",8.3,91290,https://img3.doubanio.com/view/photo/s_ratio_poster/public/p449619623.webp
253,美女与野兽,"佩吉·奥哈拉,罗比·本森,理查德·怀特,杰里·奥尔巴赫,戴维·奥格登·施蒂尔斯,安吉拉·兰斯伯瑞,布莱德利·皮尔斯,雷克斯·埃弗哈特,杰西·科尔蒂,哈尔·史密斯,乔·安妮·沃利,玛丽·凯·伯格曼,布瑞恩·卡明斯,阿尔文·爱泼斯坦,托尼·杰,亚历克·墨菲,金米·罗伯特森,凯斯·索西,弗兰克·维尔克",1991-09-29,"喜剧,爱情,动画,歌舞,奇幻",8.3,77175,https://img3.doubanio.com/view/photo/s_ratio_poster/public/p2238467474.webp
254,金枝玉叶,"袁咏仪,张国荣,刘嘉玲,陈小春,曾志伟,罗家英,林晓峰,郑丹瑞",1994-07-23,"喜剧,爱情,同性",8.3,47789,https://img3.doubanio.com/view/photo/s_ratio_poster/public/p939917921.webp
255,回到未来2,"迈克尔·J·福克斯,克里斯托弗·洛伊德,莉·汤普森,托马斯·F·威尔森,伊丽莎白·苏,詹姆斯·托根,杰弗里·韦斯曼,凯西·希玛兹科,比利·赞恩,J·J·科恩,查尔斯·弗莱舍,E. Casanova Evans,Jay Koch,Charles Gherardi,Ricky Dean Logan,Darlene Vogel,李截,弗利",1989-11-22,"喜剧,科幻,冒险",8.3,43662,https://img3.doubanio.com/view/photo/s_ratio_poster/public/p475857703.webp
256,海鸥食堂,"小林聪美,片桐入,罇真佐子,塔里娅·马库斯,马库·佩尔托拉",2006-03-11,"喜剧,剧情",8.3,42323,https://img3.doubanio.com/view/photo/s_ratio_poster/public/p540502836.webp
257,麦兜我和我妈妈,"黄磊,吴君如,张正中,黄秋生,蔡明丽,蔡瀚亿,李云迪",2014-10-01,"喜剧,动画,家庭",8.3,41533,https://img1.doubanio.com/view/photo/s_ratio_poster/public/p2200039289.webp
258,顽主,"张国立,葛优,梁天,潘虹,马晓晴,孙凤英,李耕,董钰刚,颜彼得,侯耀华,莫岐,常蓝天,李丽娜,李滨,王哲元,米丽新",1989-09-15,"剧情,喜剧",8.3,41526,https://img3.doubanio.com/view/photo/s_ratio_poster/public/p2363497441.webp
259,回到未来3,"迈克尔·J·福克斯,克里斯托弗·洛伊德,玛丽·斯汀伯根,托马斯·F·威尔森,莉·汤普森,伊丽莎白·苏,马特·克拉克,理查德·戴萨特,Pat Buttram,小哈里·凯瑞,德博泰勒,詹姆斯·托根,马克·麦克卢尔,温迪·乔·斯佩博,杰弗里·韦斯曼,Hugh Gillin,弗利",1990-05-25,"喜剧,科幻,西部,冒险",8.3,37656,https://img1.doubanio.com/view/photo/s_ratio_poster/public/p475893249.webp
260,洗澡,"姜武,濮存昕,朱旭",2001-02-01,"剧情,喜剧,家庭",8.3,37639,https://img1.doubanio.com/view/photo/s_ratio_poster/public/p1246439749.webp
261,贝利叶一家,"露安·艾梅哈,嘉莲·维雅,弗朗索瓦·达密安,伊连·贝加拉,埃里克·埃尔莫斯尼诺,卢卡·戈尔贝格,罗珊妮·杜兰,玛尔·索度佩,斯代芬·沃杰托维茨,克莱芒丝·拉萨拉斯",2014-12-17,"剧情,喜剧,音乐,家庭",8.3,37159,https://img3.doubanio.com/view/photo/s_ratio_poster/public/p2217443926.webp
262,一个字头的诞生,"刘青云,吴镇宇,李若彤,徐锦江,张达明,郑祖,宋本中,黄卓玲",1997-03-14,"动作,喜剧,犯罪",8.3,32091,https://img1.doubanio.com/view/photo/s_ratio_poster/public/p1929459409.webp
263,率性而活,"郑在咏,孙秉浩,李瀚伟,李英恩,高昌锡",2007-10-18,喜剧,8.3,25605,https://img3.doubanio.com/view/photo/s_ratio_poster/public/p773565963.webp
264,普罗旺斯的夏天,"让·雷诺,安娜·加列娜,克洛伊·茹阿内,雨果·德休,奥雷·阿蒂卡,卢卡斯·派里策,让-米歇尔·诺里,于格·奥弗雷,夏洛特·德·特汉姆,拉法埃尔·阿贡吉,让-皮耶·罗利特",2014-04-02,"剧情,喜剧,家庭",8.3,24214,https://img3.doubanio.com/view/photo/s_ratio_poster/public/p2176944875.webp
265,摇摆少女,"上野树里,平冈佑太,贯地谷诗穗梨,本仮屋唯佳,丰岛由佳梨,关根香菜,水田芙美子,明日香,中村知世,松田圆,阿部渚,辰巳奈都子,竹中直人,白石美帆,小日向文世,渡边绘里,樱睦子,谷启,德井优,田中要次,木野花,大仓孝二,菅原大吉,西田尚美,江口德子,真岛秀和,三上真史,福士诚治,高桥一生,佐藤二朗,森下能幸,宝井诚明,坂田聪,岩佐真悠子,森康子,林田麻里",2004-09-11,"剧情,喜剧,音乐",8.3,23970,https://img3.doubanio.com/view/photo/s_ratio_poster/public/p638255684.webp
266,心房客,"迈克尔·皮特,伊莎贝尔·于佩尔,瓦莱丽亚·布鲁尼·泰德斯基,古斯塔弗·德·科文,朱尔·本谢特里",2015-10-07,"剧情,喜剧",8.3,22086,https://img3.doubanio.com/view/photo/s_ratio_poster/public/p2312758560.webp
267,魔幻时刻,"佐藤浩市,妻夫木聪,深津绘里,绫濑遥,西田敏行,小日向文世,寺岛进,香川照之,近藤芳正,山本耕史,市川昆,中井贵一,天海祐希,唐泽寿明,谷原章介,铃木京香,寺胁康文,堀部圭亮,伊吹吾郎",2008-06-07,喜剧,8.3,20404,https://img3.doubanio.com/view/photo/s_ratio_poster/public/p637438422.webp
268,曼哈顿,"黛安·基顿,梅丽尔·斯特里普,伍迪·艾伦,迈克尔·墨菲,玛瑞儿·海明威",1979-04-25,"喜剧,剧情,爱情",8.3,19621,https://img3.doubanio.com/view/photo/s_ratio_poster/public/p1672087220.webp
269,骄傲,"本·施耐泽,乔治·麦凯,帕迪·康斯戴恩,艾美达·斯丹顿,比尔·奈伊,莫妮卡·杜兰,多米尼克·威斯特,安德鲁·斯科特,约瑟夫·吉尔根,费伊·马赛,弗莱迪·福克斯,乔舒亚·希尔,卡瑞娜·费尔南德斯,利兹·怀特,索菲亚·埃文斯,拉塞尔·托维",2014-05-23,"剧情,喜剧,历史,同性",8.3,17819,https://img3.doubanio.com/view/photo/s_ratio_poster/public/p2218469416.webp
270,印式英语,"希里黛玉,阿迪勒·侯赛因,梅迪·内博,普莱亚·阿南德,Sulabha Deshpande,Michael Patrick Hoban,Sujatha Kumar,Navika Kotia,Shivansh Kotia,Cory Hibbs,拉杰夫·拉宾德拉纳特安,Maria Romano,萨米特·维亚斯,Ruth Aguilar,罗斯·内森",2012-10-05,"剧情,喜剧,家庭",8.3,13346,https://img3.doubanio.com/view/photo/s_ratio_poster/public/p1829342305.webp
271,地球之夜,"吉娜·罗兰兹,薇诺娜·瑞德,阿明·缪勒-斯塔尔,罗西·培瑞兹,伊萨赫·德·班克尔,碧翠斯·黛尔,罗伯托·贝尼尼,保罗·博纳切利,马蒂·佩龙帕,吉安卡罗·埃斯波西托",1991-12-12,"喜剧,剧情",8.3,13173,https://img3.doubanio.com/view/photo/s_ratio_poster/public/p957052935.webp
272,黑道快餐店,"埃德瓦·贝耶,安娜·穆格拉利斯,伯利·兰内尔,让·雷谢夫",2008-03-26,"喜剧,犯罪,剧情",8.3,11234,https://img3.doubanio.com/view/photo/s_ratio_poster/public/p2183162713.webp
273,我曾侍候过英国国王,"伊万·博尔内夫,奥德里奇•凯瑟,尤莉亚·延奇,马丁·胡巴,伊斯特凡·萨博,约瑟夫·阿布汉姆",2006-12-19,"喜剧,剧情,爱情,战争",8.3,11005,https://img1.doubanio.com/view/photo/s_ratio_poster/public/p1538685577.webp
274,冥王星早餐,"基里安·墨菲,Morgan Jones,伊娃·柏西斯托,连姆·尼森,斯蒂芬·瑞,鲁斯·麦克卡比,查莲妮·麦肯纳,鲁丝·内伽,多米尼克·库珀",2005-09-03,"喜剧,剧情",8.3,10109,https://img3.doubanio.com/view/photo/s_ratio_poster/public/p788528406.webp
275,红犬历险记,"乔什·卢卡斯,瑞切尔·泰勒,诺亚·泰勒,凯莎·卡斯特-休伊斯,卢克·福特,乔伊·巴彻勒,罗汉·尼克尔,亚瑟·安吉尔",2011-08-04,"剧情,喜剧",8.3,9668,https://img3.doubanio.com/view/photo/s_ratio_poster/public/p1741434502.webp
276,子弹横飞百老汇,"约翰·库萨克,黛安·韦斯特,詹妮弗·提莉,查兹·帕尔明特瑞,玛丽·露易斯·帕克",1994-09-06,"喜剧,犯罪",8.3,8597,https://img3.doubanio.com/view/photo/s_ratio_poster/public/p946722193.webp
277,巴菲的奇妙命运,"佩丽冉卡·曹帕拉,兰比尔·卡普尔,伊利亚娜·狄克鲁兹,Haradhan Bannerjee,Sumona Chakravarti,Roopa Ganguly,Akash Khurana,Jishu Sengupta,沙鲁巴·舒克拉,阿希瑟·维德亚迪",2012-09-14,"剧情,喜剧,爱情",8.3,8245,https://img3.doubanio.com/view/photo/s_ratio_poster/public/p1806323895.webp
278,资产阶级的审慎魅力,"费尔南多·雷伊,保罗·弗朗克尔,德菲因·塞里格,比尔·奥吉埃,让-皮埃尔·卡塞尔",1972-09-15,"喜剧,剧情,奇幻",8.3,8013,https://img3.doubanio.com/view/photo/s_ratio_poster/public/p1712426795.webp
279,愈爱愈美丽,"梅拉·沙尔,Martin Walsh,Steven M. Martin,Andrew Fraser,John Savage,斯考特·尼尔,格伦·贝里,Julie Smith,林达亨利,杰洛爱德华,Tameka Empson,Anna Karen,Garry Cooper,本·丹尼尔斯,Daniel Bowers",1996-06-21,"剧情,喜剧,爱情,同性",8.3,7893,https://img3.doubanio.com/view/photo/s_ratio_poster/public/p2456957300.webp
280,金玉盟,"加里·格兰特,黛博拉·蔻儿,理查德·邓宁",1957-07-11,"喜剧,剧情,爱情",8.3,6882,https://img3.doubanio.com/view/photo/s_ratio_poster/public/p848574092.webp
281,小孩不笨2,"梁智强,向云,黄奕良,李创锐,梁文宗",2006-01-26,"喜剧,剧情,家庭",8.3,6779,https://img1.doubanio.com/view/photo/s_ratio_poster/public/p1617356989.webp
282,遇人不熟,"中村靖日,山中聪,板谷由夏,雾岛丽香,山下规介",2005-07-16,"喜剧,剧情,爱情",8.3,6231,https://img3.doubanio.com/view/photo/s_ratio_poster/public/p1709976573.webp
283,黑炮事件,"刘子枫,高明,盖尔哈德·奥尔谢夫斯基,杨亚洲,汪漪,杨凤良,王北龙,赵秀玲,戈辉,谢炜",1986,喜剧,8.3,6076,https://img3.doubanio.com/view/photo/s_ratio_poster/public/p2187640623.webp
284,人生七部曲,"格雷厄姆·查普曼,约翰·克立斯,特瑞·吉列姆,艾瑞克·爱都,特瑞·琼斯",1983-03-31,"喜剧,歌舞",8.3,6049,https://img1.doubanio.com/view/photo/s_ratio_poster/public/p2215810689.webp
285,美食家,"路易·德·菲奈斯,科鲁彻,克洛德·让萨克,Ann Zacharias,维托里奥·卡布里奥利",1976-10-27,喜剧,8.3,5925,https://img3.doubanio.com/view/photo/s_ratio_poster/public/p2164361020.webp
286,世界奇妙物语 电影特别篇,"中井贵一,山本耕史,柏原崇,稻森泉,奥菜惠,冈元夕纪子,武田真治,森田一义,矢田亚希子,铃木一真,石桥莲司,佐藤隆太 Ryûta Satô,相岛一之,谷津勋,正名仆蔵",2000-11-03,"喜剧,奇幻,恐怖,爱情",8.3,5888,https://img3.doubanio.com/view/photo/s_ratio_poster/public/p912715405.webp
287,春天的故事,"Anne Teyssèdre,休格·奎斯特,Florence Darel,Eloïse Bennett,Sophie Robin",1990-04-04,"喜剧,剧情,爱情",8.3,5774,https://img1.doubanio.com/view/photo/s_ratio_poster/public/p1715325088.webp
288,沙漠妖姬,"雨果·维文,盖·皮尔斯,特伦斯·斯坦普",1994-08-10,"剧情,喜剧,同性,音乐",8.3,5065,https://img3.doubanio.com/view/photo/s_ratio_poster/public/p1196536905.webp
289,太太万岁,"蒋天流,张伐,石挥,路珊,上官云珠,韩非,汪漪",1947-12-01,"喜剧,家庭",8.3,4925,https://img3.doubanio.com/view/photo/s_ratio_poster/public/p2082685213.webp
290,爱与死,"伍迪·艾伦,黛安·基顿,费奥多尔·阿特金",1975-06-10,"喜剧,战争",8.3,4087,https://img3.doubanio.com/view/photo/s_ratio_poster/public/p2179608694.webp
291,小上校,秀兰·邓波儿,1935-02-22,"喜剧,犯罪,剧情,家庭",8.3,3846,https://img3.doubanio.com/view/photo/s_ratio_poster/public/p2170114382.webp
292,哈洛与慕德,"鲁思·戈登,巴德·库特,维维安·皮克尔斯,艾伦·戈尔,查尔斯·泰纳",1971-12-20,"剧情,喜剧",8.3,3833,https://img3.doubanio.com/view/photo/s_ratio_poster/public/p2210785915.webp
293,虎度门,"萧芳芳,袁咏仪,李子雄,陈晓东,吴大维,钟景辉,李司棋,李香琴,谭倩红",1996-04-04,"喜剧,剧情",8.3,3732,https://img1.doubanio.com/view/photo/s_ratio_poster/public/p2190023207.webp
294,瓦嘉达,"瓦德·穆罕默德,莉姆·阿卜杜拉,阿卜杜拉曼·勾汉尼,阿德,苏丹·阿萨夫,阿拉努·萨吉尼,拉法·萨尼,达娜·阿卜杜里拉,雷哈卜·阿迈德,诺芙·萨德,易卜拉欣·莫泽尔,穆罕默德·萨希尔,萨拉·贾比尔",2012-08-31,"剧情,儿童,喜剧",8.3,3629,https://img3.doubanio.com/view/photo/s_ratio_poster/public/p2179364611.webp
295,朦胧的欲望,"费尔南多·雷伊,卡洛尔·布盖,安赫拉·莫利纳,朱利安·贝尔托",1977-08-17,"喜剧,剧情,爱情",8.3,3541,https://img3.doubanio.com/view/photo/s_ratio_poster/public/p1561050122.webp
296,秘密花园,"西田尚美,利重刚,角替和枝,田中规子,鹤田忍,内藤武敏,加藤贵子,西牟田恵,伊集院光,德井优,滨田麻里,松冈俊介,田中要次,木村多江,寺十吾,日野阳仁,铃木卓尔,宍户美和公",1997-02-15,"喜剧,犯罪",8.3,3431,https://img1.doubanio.com/view/photo/s_ratio_poster/public/p1090113289.webp
297,浮云世事,"卡蒂·奥廷宁,卡里·瓦纳宁,叶琳娜·萨罗,萨卡里·库斯曼嫩,马库·佩尔托拉",1996-01-26,"喜剧,剧情",8.3,3076,https://img3.doubanio.com/view/photo/s_ratio_poster/public/p1247621263.webp
298,水仙女,"玛利亚·沙拉耶娃,叶甫盖尼·齐加诺夫,玛利亚·沙拉耶娃,Anastasiya Dontsova,Veronika Skugina,Irina Skrinichenko,Albina Yevtushevskaya",2007-11-22,"喜剧,剧情,奇幻",8.3,2966,https://img3.doubanio.com/view/photo/s_ratio_poster/public/p2454936364.webp
299,成为朱莉娅,"安妮特·贝宁,肖恩·埃文斯,杰瑞米·艾恩斯,汤姆·斯图里奇,迈克尔·刚本",2004-10-28,"喜剧,剧情,爱情",8.3,2805,https://img3.doubanio.com/view/photo/s_ratio_poster/public/p825998395.webp
300,秘密与谎言,"蒂莫西·斯波,菲利斯·洛根,布兰达·布莱斯,克莱尔·拉什布鲁克,玛丽安娜·琼-巴普蒂斯特,伊丽莎白·贝林顿,米歇尔·奥斯丁  ,李·罗斯,莱丝利·曼维尔,罗恩·库克,Emma Amos,布莱恩·博维尔,Trevor Laird,Clare Perkins,Elias Perkins McCook",1996-05-24,"剧情,喜剧,家庭",8.3,2728,https://img3.doubanio.com/view/photo/s_ratio_poster/public/p2409793183.webp
301,行走距离,"卢卡·奥尔特加,毛里齐奥·艾萨克,约耳·菲格罗阿,玛尔塔·克劳迪亚·莫雷诺",2015-10-27,"剧情,喜剧",8.3,2609,https://img3.doubanio.com/view/photo/s_ratio_poster/public/p2326535463.webp
302,与男孩同车,"德鲁·巴里摩尔,史蒂夫·茨恩,亚当·加西亚,布莱特妮·墨菲,詹姆斯·伍兹",2001-10-19,"传记,喜剧,剧情",8.3,2527,https://img1.doubanio.com/view/photo/s_ratio_poster/public/p2027432227.webp
303,假期,"郑允浩,金俊秀,沈昌珉,金在中,朴有天",2006-07-28,"剧情,喜剧",8.3,2521,https://img3.doubanio.com/view/subject/l/public/s3548910.jpg
304,伦巴,"Dominique Abel,Fiona Gordon,Philippe Martz,Bruno Romy",2008-09-10,喜剧,8.3,2409,https://img3.doubanio.com/view/photo/s_ratio_poster/public/p1065667133.webp
305,飞出个未来大电影2：万背之兽,"Frank Welker,凯特蕾·萨加尔,劳伦·汤姆,比利·维斯特,莫里斯·拉马奇",2008-06-24,"动画,动作,喜剧,爱情,科幻",8.3,2246,https://img1.doubanio.com/view/photo/s_ratio_poster/public/p2159140789.webp
306,罗马风情画,"Peter Gonzales Falcon,Fiona Florence,Britta Barnes,Pia De Doses,Marne Maitland",1972-10-15,"喜剧,剧情",8.3,2170,https://img3.doubanio.com/view/photo/s_ratio_poster/public/p1221824736.webp
307,轻松自由,"巴普蒂斯特·勒卡普兰,夏洛特·勒·邦,费利克斯·莫阿蒂,德尼·波达利德斯,伊莎贝尔·冈德列,让-伊夫·贝特鲁,苏丽安·卜拉欣,戴维·鲍伊特,卢·肖万,本杰明·拉维赫尼,理查德·格德杰,让-米歇尔·拉米,贝尔纳·梅内斯,伊丽莎白·维塔利,斯蒂芬妮·拉格拉德,菲利普·乌禅,凡妮莎·吉德",2014-05-07,喜剧,8.3,1957,https://img3.doubanio.com/view/photo/s_ratio_poster/public/p2506257305.webp
308,布拉格狂想曲,"波莱克·波利夫卡,伊娃·赫鲁波娃,托马斯·沃瑞,Anna Marhoulová,杰里·马哈萨克,Barbora Munzarová,Marika Sarah Procházková,Ivana Chýlková,Jaroslav Dusek",2005-03-17,喜剧,8.3,1842,https://img3.doubanio.com/view/photo/s_ratio_poster/public/p2518266612.webp
309,找乐,"黄宗洛,黄文杰,韩善续,莫岐",1993-09-10,"喜剧,剧情",8.3,1767,https://img3.doubanio.com/view/photo/s_ratio_poster/public/p2174624451.webp
310,亮眼睛,"秀兰·邓波儿,詹姆斯·杜恩,简·达威尔",1934-12-28,"喜剧,剧情,家庭,歌舞",8.3,1755,https://img1.doubanio.com/view/photo/s_ratio_poster/public/p2170114237.webp
311,春天的杜鹃,"Anni-Kristiina Juuso,威勒·哈派塞罗,维克托·贝奇科夫,Mikhail Korobochkin,Aleksei Kashnikov,Denis Aksenov,Aleksei Panzheyev,Aleksandr Kuykka,Vladimir Matveyev",2002-09-12,"剧情,战争,喜剧",8.3,1719,https://img3.doubanio.com/view/photo/s_ratio_poster/public/p2088338303.webp
312,无名英雄,"达斯汀·霍夫曼,吉娜·戴维斯,安迪·加西亚,琼·库萨克,丹尼尔·鲍德温,凯文·J·奥康纳,莫里·柴金",1992-10-02,"喜剧,剧情",8.3,1613,https://img1.doubanio.com/view/photo/s_ratio_poster/public/p2464106617.webp
313,安东尼娅家族,"维力奇·范·阿麦莱,埃尔斯·多特曼斯,多拉·范·德·格伦,珂洛丽·斯普尔,简·德克莱尔,埃尔希·德·布劳,Reinout Bussemaker,玛丽娜·德·格拉夫,Jan Steen,Catherine ten Bruggencate,Paul Kooij",1995-09-12,"剧情,喜剧",8.3,1411,https://img3.doubanio.com/view/photo/s_ratio_poster/public/p544715774.webp
314,葬礼,"山崎努,宫本信子,菅井琴,大泷秀治,尾藤功男",1984-11-17,喜剧,8.3,1322,https://img1.doubanio.com/view/photo/s_ratio_poster/public/p2151821629.webp
315,善意的谎言,"罗宾·威廉姆斯,汉娜·泰勒-高登,Éva Igó,István Bálint,尤斯图斯·冯·多赫纳尼,列维·施瑞博尔,艾伦·阿金",1999-09-24,"喜剧,剧情,战争",8.3,1308,https://img1.doubanio.com/view/photo/s_ratio_poster/public/p2195382767.webp
316,味浓情更浓,"Annika Pages,扬·尼克拉斯,Christiane Hörbiger,奥托·申克,Fritz Eckhardt",1994-04-28,喜剧,8.3,1282,https://img3.doubanio.com/view/photo/s_ratio_poster/public/p2332355504.webp
317,追火车日记,"达米安·吴,艾芙琳娜·瓦伦齐亚克,托马什·萨普里克,Iwona Fornalczyk,Joanna Liszowska,Andrzej Golejewski,Krzysztof Lawniczak,Roman Baranowicz",2007-10-25,"喜剧,剧情",8.3,1242,https://img3.doubanio.com/view/photo/s_ratio_poster/public/p1437302242.webp
318,跳跳虎历险记,,2000-04-20,"喜剧,动画",8.3,1176,https://img3.doubanio.com/view/photo/s_ratio_poster/public/p1731326340.webp
319,失翼灵雀,"鲁道夫·霍辛斯基,伏拉基米尔·布劳德斯基,瓦茨拉夫·内茨卡",1990-05-16,"喜剧,剧情,爱情",8.3,1174,https://img1.doubanio.com/view/photo/s_ratio_poster/public/p1632314768.webp
320,烟,"哈威·凯特尔,威廉·赫特,杰瑞德·哈里斯",1995-06-09,"喜剧,剧情",8.3,1105,https://img3.doubanio.com/view/photo/s_ratio_poster/public/p847880620.webp
321,巴格达咖啡馆,"杰克·帕兰斯,马丽安·萨格布雷特,希·庞德,克里斯汀·考夫曼",1987-11-12,"喜剧,剧情",8.3,1091,https://img3.doubanio.com/view/photo/s_ratio_poster/public/p2404621085.webp
322,大人别出声,"卡罗尔·博内特,迈克尔·凯恩,丹霍姆·艾略特,克里斯托弗·里夫",1992-03-20,"喜剧,爱情",8.3,1088,https://img3.doubanio.com/view/photo/s_ratio_poster/public/p1186468121.webp
323,圣·拉尔夫,亚当·布切,2005-04-08,"喜剧,剧情,运动",8.3,1021,https://img3.doubanio.com/view/photo/s_ratio_poster/public/p598264372.webp
324,西游记之大圣归来,"张磊,林子杰,吴文伦,童自荣,刘九容,吴迪,刘北辰,赵乾景,周帅",2015-07-10,"喜剧,动作,动画,奇幻",8.2,388565,https://img3.doubanio.com/view/photo/s_ratio_poster/public/p2255028780.webp
325,海底总动员,"艾伯特·布鲁克斯,艾伦·德杰尼勒斯,亚历山大·古尔德,威廉·达福,布拉德·加内特,艾莉森·珍妮,奥斯汀·潘德尔顿,斯蒂芬·鲁特,杰弗里·拉什,伊丽莎白·帕金斯",2003-07-30,"动画,冒险,喜剧,家庭",8.2,204880,https://img3.doubanio.com/view/photo/s_ratio_poster/public/p1755893801.webp
326,九品芝麻官,"周星驰,吴孟达,张敏,徐锦江,钟丽缇,蔡少芬,吴启华,邹兆龙,梁荣忠,黄一飞,苑琼丹,刘洵,黄一山",1994-03-31,喜剧,8.2,197323,https://img3.doubanio.com/view/photo/s_ratio_poster/public/p648370300.webp
327,美食总动员,"帕顿·奥斯瓦尔特,彼得·奥图尔,布拉德·加内特,伊安·霍姆,卢·罗曼诺,布莱恩·丹内利,彼得·宋,詹妮安·加罗法洛",2007-10-19,"喜剧,动画,奇幻",8.2,179243,https://img3.doubanio.com/view/photo/s_ratio_poster/public/p465604496.webp
328,阳光小美女,"阿比盖尔·布蕾斯琳,托妮·科莱特,格雷戈·金尼尔,保罗·达诺,史蒂夫·卡瑞尔,艾伦·阿金,布莱恩·科兰斯顿,迪恩·诺里斯",2006-08-18,"剧情,喜剧,家庭",8.2,166705,https://img3.doubanio.com/view/photo/s_ratio_poster/public/p792394752.webp
329,冰川时代3,"雷·罗马诺,约翰·雷吉扎莫,丹尼斯·利瑞,Maile Flanagan,Jason Fricchione,西蒙·佩吉",2009-07-08,"喜剧,动画,冒险",8.2,152577,https://img3.doubanio.com/view/photo/s_ratio_poster/public/p2213132432.webp
330,玩具总动员,"汤姆·汉克斯,蒂姆·艾伦,唐·里克斯,吉姆·法尼",1995-11-22,"喜剧,动画,家庭",8.2,148444,https://img3.doubanio.com/view/photo/s_ratio_poster/public/p1158743783.webp
331,欢乐好声音,"马修·麦康纳,瑞茜·威瑟斯彭,塞思·麦克法兰,斯嘉丽·约翰逊,约翰·C·赖利,塔伦·埃格顿,托瑞·凯利,珍妮弗·桑德斯,詹妮弗·哈德森,加斯·詹宁斯,彼得·塞拉菲诺威茨,尼克·克罗尔,贝克·班尼特,杰·费罗尔,尼克·奥弗曼,莱斯莉·琼斯,雷亚·普尔曼,亚当·布克斯顿,比尔·法玛尔",2017-02-17,"喜剧,动画,歌舞",8.2,136718,https://img3.doubanio.com/view/photo/s_ratio_poster/public/p2411622136.webp
332,马达加斯加3,"本·斯蒂勒,克里斯·洛克,大卫·休默,贾达·萍克·史密斯,萨莎·拜伦·科恩,弗兰西斯·麦克多蒙德,杰西卡·查斯坦",2012-06-08,"喜剧,动画,冒险",8.2,119766,https://img3.doubanio.com/view/photo/s_ratio_poster/public/p1503869385.webp
333,买凶拍人,"葛民辉,张达明,詹瑞文,樋口明日嘉,陈惠敏,方子璇,陈辉虹,缪非临,刘以达,林雪,邵音音,王合喜",2001-08-16,"犯罪,动作,喜剧",8.2,95501,https://img3.doubanio.com/view/photo/s_ratio_poster/public/p1361412292.webp
334,帕丁顿熊2,"本·卫肖,休·格兰特,休·博纳维尔,莎莉·霍金斯,萨缪尔·乔斯林,马德琳·哈里斯,朱丽·沃特斯,布莱丹·格里森,吉姆·布劳德本特,艾美达·斯丹顿,彼得·卡帕尔迪,艾琳·阿特金斯,汤姆·康蒂,本·米勒,诺亚·泰勒,理查德·艾欧阿德",2017-12-08,"喜剧,动画,家庭",8.2,94865,https://img1.doubanio.com/view/photo/s_ratio_poster/public/p2506466229.webp
335,家有喜事,"张国荣,周星驰,张曼玉,吴君如,黄百鸣,陈淑兰,毛舜筠,李香琴,关海山,高志森,谷德昭,李丽珍,黄霑,黄光亮,何佩仪",1992-01-25,"剧情,喜剧,爱情,家庭",8.2,90951,https://img3.doubanio.com/view/photo/s_ratio_poster/public/p940263436.webp
336,当哈利遇到莎莉,"梅格·瑞恩,比利·克里斯托,凯丽·费雪,布鲁诺·柯比",1989-07-21,"喜剧,剧情,爱情",8.2,89875,https://img3.doubanio.com/view/photo/s_ratio_poster/public/p2172960925.webp
337,年轻气盛,"蕾切尔·薇兹,简·方达,迈克尔·凯恩,保罗·达诺,哈威·凯特尔,内芙·加切夫,埃德·斯托帕德,马达丽娜·珍娜,马克·科兹莱克,亚历克斯·麦奎因,艾米莉亚·琼斯,波佩·科比-特曲,汤姆·里皮斯基,克洛伊·皮里",2015-05-20,"剧情,喜剧",8.2,65413,https://img3.doubanio.com/view/photo/s_ratio_poster/public/p2241441695.webp
338,南极料理人,"堺雅人,生濑胜久,古关安广,丰原功补,高良健吾,古馆宽治,黑田大辅,小浜正宽,西田尚美,小野花梨,小出早织,宇梶刚士",2009-08-08,喜剧,8.2,49883,https://img1.doubanio.com/view/photo/s_ratio_poster/public/p575432919.webp
339,杀戮,"朱迪·福斯特,凯特·温丝莱特,克里斯托弗·沃尔兹,约翰·C·赖利",2011-09-01,"剧情,喜剧",8.2,41794,https://img3.doubanio.com/view/photo/s_ratio_poster/public/p1305342680.webp
340,成为约翰·马尔科维奇,"约翰·库萨克,卡梅隆·迪亚兹,约翰·马尔科维奇,凯瑟琳·基纳,威利·加森",1999-10-29,"喜剧,剧情,奇幻,爱情",8.2,38775,https://img1.doubanio.com/view/photo/s_ratio_poster/public/p1087658057.webp
341,濑户内海,"池松壮亮,菅田将晖,中条彩未,铃木卓尔,宇野祥平,冈山天音",2016-06-12,"剧情,喜剧",8.2,37506,https://img3.doubanio.com/view/photo/s_ratio_poster/public/p2318231103.webp
342,微不足道,"西蒙·佩吉,大卫·休默,娜塔莎·麦克艾霍恩,爱丽丝·伊芙,乔·鲍里托",2006-12-01,"喜剧,犯罪,惊悚",8.2,35618,https://img3.doubanio.com/view/photo/s_ratio_poster/public/p1517352664.webp
343,小男孩,"雅各布·萨尔瓦提,凯文·詹姆斯,迈克尔·拉帕波特,大卫·亨瑞,艾米丽·沃森,埃杜瓦多·维拉斯蒂吉,泰德·拉文,田川洋行,汤姆·威尔金森,本·卓别林,阿丽·兰德里,亚布拉哈姆·本鲁比,托比·胡斯,凯莉·格蕾森,坎迪丝·阿扎拉",2015-04-24,"剧情,喜剧,战争",8.2,31160,https://img3.doubanio.com/view/photo/s_ratio_poster/public/p2230105606.webp
344,超级无敌掌门狗：人兔的诅咒,"彼得·萨利斯,拉尔夫·费因斯,海伦娜·伯翰·卡特",2005-10-14,"喜剧,动画",8.2,21410,https://img3.doubanio.com/view/photo/s_ratio_poster/public/p449654474.webp
345,艾德·伍德,"约翰尼·德普,莎拉·杰茜卡·帕克,比尔·默瑞,马丁·兰道,帕特丽夏·阿奎特,杰弗瑞·琼斯,丽莎·玛丽",1994-09-23,"传记,喜剧,剧情",8.2,19341,https://img1.doubanio.com/view/photo/s_ratio_poster/public/p1704315869.webp
346,为黛西小姐开车,"摩根·弗里曼,杰西卡·坦迪,丹·艾克罗伊德,帕蒂·卢波恩",1989-12-13,"喜剧,剧情",8.2,19184,https://img1.doubanio.com/view/photo/s_ratio_poster/public/p861513408.webp
347,猛龙过江,"李小龙,苗可秀,罗礼士",1972-12-30,"动作,喜剧,犯罪,剧情,惊悚",8.2,18777,https://img3.doubanio.com/view/photo/s_ratio_poster/public/p2191163236.webp
348,大坏狐狸的故事,"纪尧姆·达尔诺,席琳·荣特,达米安·维特卡,安托万·苏姆斯基,卡梅尔·阿卜德萨多克,克里斯多夫·勒莫因,纪尧姆·布谢德,鲍里斯·雷林格,玛佳丽·罗森茨威格,让·卢·霍维茨,伊夫·阎",2018-03-16,"喜剧,动画,冒险",8.2,18064,https://img3.doubanio.com/view/photo/s_ratio_poster/public/p2515632084.webp
349,爱的曝光,"西岛隆弘,满岛光,渡部笃郎,渡边真起子,安藤樱",2008-11-29,"动作,喜剧,剧情,爱情",8.2,16525,https://img3.doubanio.com/view/photo/s_ratio_poster/public/p575424244.webp
350,阿基里斯与龟,"北野武,樋口可南子,柳忧怜,吉冈澪皇,麻生久美子,伊武雅刀,大杉涟,大森南朋",2008-09-20,"剧情,喜剧",8.2,14580,https://img3.doubanio.com/view/photo/s_ratio_poster/public/p2194386594.webp
351,小小的白色谎言,"玛丽昂·歌迪亚,伯努瓦·马吉梅尔,弗朗索瓦·克鲁塞,吉尔·勒卢什,瓦莱丽·博莱同,罗兰·拉斐特,安·玛丽文,露易丝·莫诺特,帕斯卡·艾比约,让·杜雅尔丹",2010-10-20,"喜剧,剧情",8.2,12711,https://img1.doubanio.com/view/photo/s_ratio_poster/public/p693375939.webp
352,半斤八两,"许冠文,许冠杰,许冠英,赵雅芝,吴耀汉,卢慧芝,石坚,朱牧,许冠武,陈任,张俊英,黎少芳,郑少萍,梁舜燕,陈剑云,高雄,解元,萧钦芳,曾楚霖,黄哈",1976-12-16,喜剧,8.2,11451,https://img1.doubanio.com/view/photo/s_ratio_poster/public/p1606347997.webp
353,投靠女与出走男,"大泉洋,户田惠梨香,满岛光,内山理名,阳月华,木村绿子,木场胜己,神野三铃,武田真治,北村有起哉,桥本润,山崎一,磨赤儿,中村贺津雄,树木希林,堤真一,山崎努,高畑淳子",2015-05-16,"剧情,喜剧",8.2,10909,https://img3.doubanio.com/view/photo/s_ratio_poster/public/p2217281855.webp
354,早餐俱乐部,"艾米利奥·艾斯特维兹,安东尼·迈克尔·豪尔,约翰·卡普洛斯,贾德·尼尔森,莫利·林沃德,艾丽·西蒂",1985-02-07,"喜剧,剧情",8.2,10838,https://img1.doubanio.com/view/photo/s_ratio_poster/public/p2200935928.webp
355,小曼哈顿,"乔什·哈切森,查理·雷,布莱德利·惠特福德,辛西娅·尼克松,威利·加森",2005-09-30,"喜剧,爱情",8.2,9508,https://img1.doubanio.com/view/photo/s_ratio_poster/public/p2258051889.webp
356,谈谈情跳跳舞,"役所广司,草刈民代,竹中直人",1996-01-27,"剧情,喜剧,爱情,歌舞",8.2,9269,https://img1.doubanio.com/view/photo/s_ratio_poster/public/p1696723957.webp
357,小姐与流浪汉,"芭芭拉·卢迪,拉里·罗伯茨,派姬·李,李·米勒,比尔·汤普森,比尔·巴乌卡门,薇娜·费尔顿,乔治·吉伏特,斯坦·弗雷贝格,戴尔·麦肯南,艾伦·里德,The Mellomen",1955-06-16,"喜剧,爱情,动画,冒险",8.2,9231,https://img3.doubanio.com/view/photo/s_ratio_poster/public/p1833123892.webp
358,穿越美国,"菲丽西提·霍夫曼,凯文·席格斯,菲奥纽拉·弗拉纳根,格雷厄姆·格林,伊丽莎白·佩纳,波特·杨",2005-12-23,"冒险,喜剧,剧情",8.2,9087,https://img1.doubanio.com/view/photo/s_ratio_poster/public/p2342279728.webp
359,怪宴,"艾琳·布伦南,杜鲁门·卡波特,詹姆斯·可可,彼得·法尔克,亚历克·吉尼斯,爱尔莎·兰切斯特,大卫·尼文,彼得·塞勒斯,玛吉·史密斯,詹姆斯·克伦威尔",1976-06-23,"喜剧,悬疑,惊悚,犯罪",8.2,8348,https://img1.doubanio.com/view/photo/s_ratio_poster/public/p809915309.webp
360,狂人皮埃罗,"让-保罗·贝尔蒙多,安娜·卡里娜,贾泽拉·加瓦尼",1965-08-29,"喜剧,犯罪,剧情,歌舞,爱情",8.2,8260,https://img3.doubanio.com/view/photo/s_ratio_poster/public/p2202613384.webp
361,爱在记忆消逝前,"海伦·米伦,唐纳德·萨瑟兰,简·默勒尼,克里斯蒂·米切尔,罗伯特·沃克·布兰乔德,克里斯蒂安·麦凯,约书亚·胡佛,罗伯特·普拉尔戈,约书亚·米克尔",2018-02-23,"喜剧,爱情,冒险",8.2,8072,https://img3.doubanio.com/view/photo/s_ratio_poster/public/p2513341534.webp
362,我们与驻在先生的700日战争,"市原隼人,佐佐木藏之介,麻生久美子,加治将树,石田卓也,竹中直人,贺来贤人,胁知弘,小柳友,冨浦智嗣,坂井真纪,石野真子,仓科加奈",2008-04-05,喜剧,8.2,7330,https://img1.doubanio.com/view/photo/s_ratio_poster/public/p476603837.webp
363,情定日落桥,"戴安·琳恩,劳伦斯·奥利弗,特罗尼亚斯·伯纳德",1979-04-27,"喜剧,爱情",8.2,7101,https://img1.doubanio.com/view/photo/s_ratio_poster/public/p1126290487.webp
364,奏鸣曲,"北野武,国舞亚矢,渡边哲,胜村政信,寺岛进,大杉涟,矢岛健一",1993-09-10,"喜剧,动作,犯罪",8.2,6816,https://img3.doubanio.com/view/photo/s_ratio_poster/public/p1899389314.webp
365,不法之徒,"汤姆·威兹,约翰·劳瑞,罗伯托·贝尼尼,尼可莱塔·布拉斯基",1986-10-30,"喜剧,犯罪,剧情",8.2,6405,https://img3.doubanio.com/view/photo/s_ratio_poster/public/p1616290291.webp
366,简单西蒙,"Jimmi Edlund,Kristoffer Berglund,Cecilia Forss,比尔·斯卡斯加德,马丁·沃斯特罗姆,Sofie Hamilton",2010-09-03,"喜剧,剧情,爱情",8.2,6085,https://img3.doubanio.com/view/photo/s_ratio_poster/public/p1115252103.webp
367,伯尔尼的奇迹,"路易斯·克拉姆罗特,彼得·洛迈尔,约翰娜·加斯多夫",2003-10-16,"喜剧,剧情,运动",8.2,5864,https://img3.doubanio.com/view/photo/s_ratio_poster/public/p2151302724.webp
368,老人Z,"横山智佐,大木民夫,松本梨香,小川真司,佐藤智惠,辻谷耕史",1991-09-14,"动作,动画,喜剧,科幻",8.2,5449,https://img1.doubanio.com/view/photo/s_ratio_poster/public/p2153740677.webp
369,宛如阿修罗,"大竹忍,黑木瞳,深津绘里,深田恭子,中村狮童,木村佳乃,长泽雅美,八千草薰,小林薰,桃井薰,仲代达矢,黑川力矢",2003-09-04,"剧情,喜剧,家庭",8.2,5246,https://img1.doubanio.com/view/photo/s_ratio_poster/public/p2451076258.webp
370,神秘列车,"永濑正敏,工藤夕贵,茱迪·马克尔,尼可莱塔·布拉斯基,史蒂夫·布西密",1989-09-06,"喜剧,犯罪,剧情",8.2,4911,https://img1.doubanio.com/view/photo/s_ratio_poster/public/p459490157.webp
371,茶之味,"浅野忠信,坂野真弥,佐藤贵广,手塚理美,我修院达也,三浦友和,高桥一生,土屋安娜",2004-07-17,"喜剧,剧情",8.2,4738,https://img3.doubanio.com/view/photo/s_ratio_poster/public/p661324770.webp
372,骗徒臭事多,"史蒂夫·马丁,迈克尔·凯恩,格伦妮·海德利,安东·罗杰斯,芭芭拉·哈里斯,伊恩·麦克迪阿梅德,丹娜·爱薇,米根·费伊,弗兰西丝·康罗伊,尼科尔·卡尔方,鲁珀特·霍利迪-埃文斯",1988-12-14,"喜剧,犯罪",8.2,4729,https://img3.doubanio.com/view/photo/s_ratio_poster/public/p1096752980.webp
373,一年到头,"陈刚,王昌娥,张彤,冯丁洪,曾韵蓁,王明智",2008-01-18,喜剧,8.2,4426,https://img3.doubanio.com/view/photo/s_ratio_poster/public/p1077092683.webp
374,喜剧之王,"罗伯特·德尼罗,杰瑞·刘易斯,戴安娜·阿伯特,桑德拉·伯恩哈德,莎莉·哈克",1982-12-19,"喜剧,剧情,犯罪",8.2,4058,https://img1.doubanio.com/view/photo/s_ratio_poster/public/p1498074468.webp
375,逗阵儿,"梁修身,江淑娜,雷洪,杨琪,汪筠书,林晖闵,司徒颖霜,纪欣妤",2013-02-08,"喜剧,家庭",8.2,3794,https://img1.doubanio.com/view/photo/s_ratio_poster/public/p2004501407.webp
376,幸福是一条温暖的毛毯,"Trenton Rogers,Shane Baumel,Blesst Bowden,席亚拉·博拉沃,Austin Lux,阿曼达·佩斯,安迪·佩索亚",2011-05-29,"剧情,喜剧,动画,家庭",8.2,3714,https://img3.doubanio.com/view/photo/s_ratio_poster/public/p2310397065.webp
377,二楼传来的歌声,"Lars Nordh,Stefan Larsson,本基特·卡尔森",2000-10-06,"喜剧,剧情",8.2,3557,https://img3.doubanio.com/view/photo/s_ratio_poster/public/p2163286030.webp
378,欢乐满人间,"朱莉·安德鲁斯,迪克·范·戴克,大卫·汤姆林森,格莱妮丝·约翰斯,赫敏·巴德利,雷塔·肖,卡伦·多里斯,马修·加伯,爱尔莎·兰切斯特,阿瑟·特雷彻,雷吉纳德·欧文,埃德·温,简·达威尔,阿瑟·马利特",1964-08-27,"喜剧,奇幻,歌舞",8.2,3514,https://img3.doubanio.com/view/photo/s_ratio_poster/public/p2192053270.webp
379,举起金刚,"李凡秀,赵安,李尹熙,崔文京,全宝美",2009-07-01,"喜剧,剧情",8.2,3312,https://img3.doubanio.com/view/photo/s_ratio_poster/public/p1312584254.webp
380,双腿生风,"阿涅丝·夏薇依,Denis Podalydès,Isabelle Carré,Isabella Rossellini,Juliette Gombert",2012-08-22,喜剧,8.2,3220,https://img3.doubanio.com/view/photo/s_ratio_poster/public/p2002494911.webp
381,心碎往事,"安东·叶利钦,罗宾·威廉姆斯,蒂娅·里欧妮,埃里卡·巴杜,大卫·杜楚尼,弗兰克·兰格拉,泽尔妲·威廉斯,玛吉丽·阿马蒂,奥加·索斯诺夫斯卡,奥兰多·琼斯,Bernie Sheredy,斯蒂芬·斯皮内拉,爱丽丝·德拉蒙德,哈罗德·卡蒂耶,马克·马戈利斯",2004-05-07,"剧情,喜剧",8.2,3037,https://img3.doubanio.com/view/photo/s_ratio_poster/public/p839905155.webp
382,雏菊,"伊特卡·采尔霍娃,伊万娜·卡尔班诺娃,Julius Albert",1966-12-30,"喜剧,剧情",8.2,3022,https://img3.doubanio.com/view/photo/s_ratio_poster/public/p2392561926.webp
383,严密监视的列车,"瓦茨拉夫·内茨卡,约瑟夫·索姆尔,伏拉基米尔·布劳德斯基,Vladimír Valenta,Alois Vachek",1966-11-18,"喜剧,剧情,战争",8.2,2999,https://img3.doubanio.com/view/photo/s_ratio_poster/public/p2211855924.webp
384,小孤星,"薇朵儿·希维索,Delphine Schiltz,Matiaz Bureau Caton,Léopoldine Serre,玛丽·特兰蒂尼昂,泽维尔·布瓦,克莱尔·勒布,Aurélie Vérillon,Henri Berthon,Carla Ibled,Luckie Royer,Antoine du Merle,Marianne Favre,Hadrien Bouvier,Benjamin Lemaire",1996-09-10,"喜剧,剧情",8.2,2672,https://img3.doubanio.com/view/photo/s_ratio_poster/public/p717005273.webp
385,猎艳狂魔,"罗伯托·贝尼尼,米歇尔·布朗,尼可莱塔·布拉斯基",1994-10-22,"喜剧,悬疑,犯罪",8.2,2574,https://img3.doubanio.com/view/photo/s_ratio_poster/public/p2430181615.webp
386,无线电时代,"米亚·法罗,黛安·韦斯特,迈克·斯塔尔,赛斯·格林",1987-01-30,"喜剧,音乐",8.2,2539,https://img3.doubanio.com/view/photo/s_ratio_poster/public/p2359633584.webp
387,战略大作战,"克林特·伊斯特伍德,唐纳德·萨瑟兰,唐·里克斯, 凯勒·欧康纳,特利·萨瓦拉斯,加文·麦克劳德,斯图尔特·马戈林",1970-06-23,"动作,冒险,喜剧,战争",8.2,2403,https://img3.doubanio.com/view/photo/s_ratio_poster/public/p2359449616.webp
388,小铃铛,"石小满,马佳,关维吉,关剑青,冷福记,李乾元,窦玉如",1963,"儿童,喜剧",8.2,2294,https://img3.doubanio.com/view/photo/s_ratio_poster/public/p2466853105.webp
389,飞狗巴迪,"迈克尔·杰特,凯文·席格斯,温迪·麦凯纳",1997-08-01,"喜剧,运动",8.2,2268,https://img3.doubanio.com/view/photo/s_ratio_poster/public/p2238394111.webp
390,机器人嘉年华,"森次晃嗣,Yayoi Maki,Keiko Hanagata,泷泽久美子,Aya Murata,Nariko Fujieda",1987-07-21,"动画,喜剧,科幻,剧情,奇幻",8.2,2225,https://img3.doubanio.com/view/photo/s_ratio_poster/public/p2183624706.webp
391,赤胆屠龙,"约翰·韦恩,迪恩·马丁,瑞奇·尼尔森,安吉·迪金森,沃尔特·布伦南",1959-03-18,"剧情,喜剧,爱情,西部",8.2,2078,https://img1.doubanio.com/view/photo/s_ratio_poster/public/p2362733797.webp
392,双姝奇缘,"Joëlle Miquel,杰西卡·福德,Mr. Housseau",1987-02-04,"喜剧,剧情,爱情",8.2,1948,https://img3.doubanio.com/view/photo/s_ratio_poster/public/p2238986440.webp
393,与安德烈晚餐,"华莱士·肖恩,安德烈·格雷戈里,Jean Lenauer,Roy Butler",1981-10-11,"喜剧,剧情",8.2,1920,https://img3.doubanio.com/view/photo/s_ratio_poster/public/p1893376971.webp
394,天堂里的烦恼,"米利亚姆·霍普金斯,凯·弗朗西斯,赫伯特·马歇尔,查尔斯·拉格尔斯,爱德华·艾沃瑞特·霍顿",1932-10-21,"喜剧,犯罪,爱情",8.2,1881,https://img3.doubanio.com/view/photo/s_ratio_poster/public/p2175993203.webp
395,极度狂热,"科林·费尔斯,马克·斯特朗,Ruth Gemmell,肯·斯托特 Ken Stott",1997-04-04,"喜剧,剧情,爱情,运动",8.2,1756,https://img3.doubanio.com/view/photo/s_ratio_poster/public/p902002073.webp
396,亚当的苹果,"乌尔里奇·汤姆森,麦斯·米科尔森,尼可拉斯·布若,帕普丽卡·斯汀,尼古拉·雷·卡斯,托马斯·维尔姆·詹森,Ali Kazim,Ole Thestrup,Gyrd Løfquist,拉斯·兰特,Peter Reichhardt",2005-04-15,"喜剧,犯罪,剧情",8.2,1561,https://img1.doubanio.com/view/photo/s_ratio_poster/public/p1291844347.webp
397,波希米亚生活,"马蒂·佩龙帕,Evelyne Didi,André Wilms",1992-02-27,"喜剧,剧情",8.2,1543,https://img3.doubanio.com/view/photo/s_ratio_poster/public/p2210776680.webp
398,猫儿历险记,"菲尔·哈里斯 ,伊娃·嘉宝,斯特灵·哈洛威,斯加特克罗索斯,Dean Clark,保罗·温切尔,Liz English,瑟尔·莱文斯克洛福特,Gary Dubin,Vito Scotti,Lord Tim Hudson",1970-12-24,"喜剧,动画,冒险,音乐",8.2,1511,https://img3.doubanio.com/view/photo/s_ratio_poster/public/p1605681371.webp
399,甜蜜的永远,"迈克尔·贝兰,米洛斯拉夫·多努蒂尔,西蒙娜·史达索娃",1999-04-08,"剧情,喜剧,家庭",8.2,1348,https://img1.doubanio.com/view/photo/s_ratio_poster/public/p1683473277.webp
400,三天兩夜,"唐泽寿明,江角真纪子,玉置浩二",1997-05-17,"喜剧,剧情,爱情",8.2,1325,https://img3.doubanio.com/view/photo/s_ratio_poster/public/p1879659314.webp
401,只爱陌生人,"罗曼·杜里斯,罗纳·哈特纳,Izidor Serban,Ovidiu Balan,Angela Serban",1997-08-10,"喜剧,剧情,音乐,爱情",8.2,1197,https://img3.doubanio.com/view/photo/s_ratio_poster/public/p2206669415.webp
402,他傻瓜谁聪明,"Per Christian Ellefsen,Sven Nordin,Marit Pia Jacobsen",2001-03-16,"喜剧,剧情",8.2,1186,https://img3.doubanio.com/view/photo/s_ratio_poster/public/p1674927634.webp
403,木偶奇遇记,"Soledad Silveyra,Gianni Lunadei,María Vaner",1986-12-04,"家庭,喜剧,奇幻",8.2,1027,https://img1.doubanio.com/view/subject/l/public/s4374938.jpg
404,那些年，我们一起追的女孩,"柯震东,陈妍希,敖犬,郝劭文,蔡昌宪,侯彦西,弯弯,邱彦翔,王彩桦,柯义浤,黄逸祥,李凤新,黄柏钧,赖雅妍,高丽红,李维维,严艺文,蔡武雄",2012-01-06,"剧情,喜剧,爱情",8.1,524347,https://img3.doubanio.com/view/photo/s_ratio_poster/public/p1062824805.webp
405,两小无猜,"吉约姆·卡内,玛丽昂·歌迪亚,蒂博•费尔哈格,约瑟芬·勒巴-乔利,艾曼妞·格伦沃尔德,杰拉德·沃特金斯,吉尔·勒卢什,朱莉娅·福雷,Laëtizia Venezia Tarnowska,艾乐蒂·纳瓦,纳塔莉·纳捷,Robert Willar,Frédéric Geerts,Manuela Sanchez,Philippe Drecq",2003-09-17,"喜剧,剧情,爱情",8.1,321126,https://img1.doubanio.com/view/photo/s_ratio_poster/public/p475346018.webp
406,我的野蛮女友,"车太贤,全智贤,金仁文,金太贤,李武英,任豪,郭在容,韩振熙,金一宇,徐东元,宋玉淑,杨金石",2001-07-27,"喜剧,剧情,爱情",8.1,275200,https://img1.doubanio.com/view/photo/s_ratio_poster/public/p489336497.webp
407,小鬼当家,"麦考利·卡尔金,乔·佩西,丹尼尔·斯特恩,约翰·赫德,罗伯茨·布洛瑟姆,凯瑟琳·欧哈拉,安吉拉·戈塔尔斯",1990-11-16,喜剧,8.1,197794,https://img3.doubanio.com/view/photo/s_ratio_poster/public/p1529668801.webp
408,国产凌凌漆,"周星驰,袁咏仪,罗家英,陈宝莲,郑祖,黄锦江,李力持,于荣光,李健仁,古明华,黄一飞,梁思浩,梁小熊,曾守明,邓兆尊,梁克逊,黄老邪,叶进",1994-10-13,"动作,喜剧",8.1,169370,https://img1.doubanio.com/view/photo/s_ratio_poster/public/p1411605098.webp
409,独自等待,"夏雨,李冰冰,龚蓓苾,高旗,吴超,高亚麟,涂松岩,伍仕贤,李丽虹,袁泉,周润发,陈羽凡,葛存壮,英达,吴大维",2005-09-08,"喜剧,爱情,剧情",8.1,146893,https://img3.doubanio.com/view/photo/s_ratio_poster/public/p486667524.webp
410,花与爱丽丝,"铃木杏,苍井优,郭智博,平泉成,木村多江,相田翔子,阿部宽,广末凉子,大泽隆夫,伊藤步,布施绘里,坂本真,池永亚美,木村绿子,中野裕之,大森南朋,森下能幸,梶原善,笠原秀幸,叶美香,吉冈秀隆,松田一沙",2004-03-13,"剧情,喜剧",8.1,143036,https://img1.doubanio.com/view/photo/s_ratio_poster/public/p2196652087.webp
411,蒂凡尼的早餐,"奥黛丽·赫本,乔治·佩帕德,帕德里夏·妮尔,巴迪·艾布森,马丁·鲍尔萨姆,约瑟·路易斯·德·维拉龙卡,约翰·麦盖沃,多萝西·惠特尼,斯坦利·亚当斯,埃尔维亚·奥尔曼,艾伦·里德,克劳德·斯特劳德,米基·鲁尼",1961-10-05,"喜剧,剧情,爱情",8.1,127751,https://img3.doubanio.com/view/photo/s_ratio_poster/public/p1114467603.webp
412,魔发奇缘,"曼迪·摩尔,扎克瑞·莱维,唐纳·墨菲,朗·普尔曼,迈克·康纳·盖尼,杰弗里·塔伯,布拉德·加内特,保罗·F·汤普金斯,理查德·基尔,德莱尼·罗斯·斯坦,内森·格雷诺,拜伦·霍华德,蒂姆·梅尔滕斯",2010-11-24,"喜剧,动画,冒险",8.1,122078,https://img1.doubanio.com/view/photo/s_ratio_poster/public/p707509468.webp
413,真实的谎言,"阿诺·施瓦辛格,杰米·李·柯蒂斯,汤姆·阿诺德,比尔·帕克斯顿,蒂亚·卡雷尔,阿特·马里克,艾丽莎·杜什库,格兰特·赫斯洛夫,查尔登·海斯顿,马绍尔·曼尼什,James Allen,Dieter Rauter,Jane Morris,Katsy Chappell,Crystina Wyler,Ofer Samra",1995-04-20,"喜剧,动作,惊悚",8.1,100799,https://img1.doubanio.com/view/photo/s_ratio_poster/public/p2408831888.webp
414,火柴人,"尼古拉斯·凯奇,山姆·洛克威尔,艾莉森·洛曼,布鲁斯·奥尔特曼",2003-09-12,"剧情,喜剧,犯罪",8.1,87351,https://img3.doubanio.com/view/photo/s_ratio_poster/public/p1757301336.webp
415,有话好好说,"姜文,李保田,瞿颖,刘信义,葛优,李雪健,尤勇,张艺谋,赵本山,焦刚,梁冠华,李琦,方青卓,杜旭东,傅彪,陈晓花,李强,常戎,张伟平",1997-05-16,"剧情,喜剧",8.1,87009,https://img1.doubanio.com/view/photo/s_ratio_poster/public/p1194789138.webp
416,杀手没有假期,"科林·法瑞尔,布莱丹·格里森,克蕾曼丝·波西,拉尔夫·费因斯,Rudy Blomme,伊丽莎白·贝林顿,奥利弗·邦泽,Mark Donovan,安·艾斯利,Jean-Marc Favorin,艾力克·高敦,泽利科·伊万内克,Sachi Kimura,安娜·玛德蕾 ,路易斯·纳米",2008-01-17,"剧情,喜剧,犯罪",8.1,86433,https://img3.doubanio.com/view/photo/s_ratio_poster/public/p782181414.webp
417,堕落天使,"黎明,李嘉欣,金城武,杨采妮,莫文蔚,陈辉虹,陈万雷,关莉娜,江道海",1995-09-06,"喜剧,犯罪,剧情,爱情",8.1,74770,https://img3.doubanio.com/view/photo/s_ratio_poster/public/p449524516.webp
418,银河系漫游指南,"马丁·弗瑞曼,茅斯·达夫,山姆·洛克威尔,佐伊·丹斯切尔,沃维克·戴维斯,比尔·奈伊,安娜·钱斯勒,约翰·马尔科维奇,凯莉·麦克唐纳,西蒙·琼斯,斯蒂芬·弗雷,艾伦·瑞克曼,伊恩·麦克尼奇,海伦·米伦,理查德·格雷弗斯,托马斯·列农,比尔·贝利,马克·威尔逊,多米尼克·杰克逊,史蒂夫·佩姆伯顿,杰克·斯坦利,阿尔比·伍丁顿",2005-04-20,"冒险,喜剧,科幻",8.1,74683,https://img3.doubanio.com/view/photo/s_ratio_poster/public/p1985335323.webp
419,芳芳,"苏菲·玛索,文森特·佩雷斯,马里恩·德尔特梅,布鲁诺·托德契尼",1993-06-16,"喜剧,爱情",8.1,68265,https://img3.doubanio.com/view/photo/s_ratio_poster/public/p1023890205.webp
420,葬礼上的死亡,"马修·麦克费登,凯莉·霍威,安迪·尼曼,艾文·布莱纳,黛西·唐洛范,艾伦·图代克,珍·爱舍,克里斯·马歇尔,鲁珀特·格雷夫斯,皮特·沃恩,托马斯 惠特利,皮特·艾甘,彼特·丁拉基,Brendan O'Hea,Jeremy Booth",2007-07-19,喜剧,8.1,56388,https://img1.doubanio.com/view/photo/s_ratio_poster/public/p501057857.webp
421,我和厄尔以及将死的女孩,"托马斯·曼, 奥利维亚·库克,RJ·赛勒,尼克·奥弗曼,莫莉·香侬,乔·博恩瑟,康妮·布里登,凯瑟琳·休斯,马特·本内特,休·杰克曼,马萨姆·霍顿,鲍比·J·汤普森,切尔西·T·张",2015-01-25,"剧情,喜剧",8.1,46989,https://img3.doubanio.com/view/photo/s_ratio_poster/public/p2263553175.webp
422,金鸡,"吴君如,曾志伟,陈奕迅,刘德华,梁家辉,胡军,黄日华,杜汶泽,田蕊妮,张坚庭",2002-12-26,"剧情,喜剧",8.1,45861,https://img3.doubanio.com/view/photo/s_ratio_poster/public/p824275053.webp
423,流浪猫鲍勃,"卢克·崔德威,猫鲍勃,露塔·格德米纳斯,琼安·弗洛加特,安东尼·海德,戴伦·伊万斯,里维拉·吉迪恩,洛琳·艾什本,阿卡巴尔·库尔塔,约翰·亨肖,贝丝·戈达德,伊万娜·贝斯克,妮娜·瓦迪娅,罗茜·伊德,鲁斯·西恩,卡罗琳·古多尔,罗伯·贾维斯,李·尼古拉斯·哈里斯,丹尼尔·斯蒂森",2016-11-04,"剧情,喜剧,传记",8.1,43165,https://img3.doubanio.com/view/photo/s_ratio_poster/public/p2360939756.webp
424,起跑线,"伊尔凡·可汗,萨巴·卡玛尔,内哈·迪胡皮阿,迪帕克·迪布里亚尔,蒂希塔·塞加尔,阿莫瑞塔·金格,蒂洛塔玛·索姆,桑贾娜·桑吉,拉什·沙玛,桑贾伊·萨里,玛丽卡·杜阿,基兰·寇杰,丹尼·苏拉,斯沃蒂·达斯,苏米特·古拉蒂",2018-04-04,"剧情,喜剧",8.1,42691,https://img1.doubanio.com/view/photo/s_ratio_poster/public/p2517518428.webp
425,欢迎来到东莫村,"申河均,郑在咏,姜惠贞,林河龙,柳德焕",2005-08-04,"喜剧,剧情,战争",8.1,38784,https://img1.doubanio.com/view/photo/s_ratio_poster/public/p1171939157.webp
426,如月疑云,"小栗旬,中山裕介,小出惠介,塚地武雅,香川照之",2007-06-16,"喜剧,悬疑",8.1,34545,https://img3.doubanio.com/view/photo/s_ratio_poster/public/p655393674.webp
427,托斯卡纳艳阳下,"戴安·琳恩,吴珊卓,琳赛·邓肯,雷欧·波瓦,文森特·里奥特,马里奥·莫尼切利,罗伯托·诺毕雷,阿妮妲·扎格利亚,埃维莉娜·戈里,茱莉亚·施泰格瓦尔特,帕维尔·萨拉耶达,瓦伦蒂·派尔,萨萨·武利切维奇,马西莫·萨尔基耶利,克劳迪亚·杰里尼,劳拉·佩斯泰利尼,大卫·萨克莱夫,凯特·沃什,唐·麦克马纳斯,马特·塞林格,埃尔登·汉森,约翰尼·拉德齐克,杰弗里·里瓦斯,杰克·科勒尔,丹·布卡廷斯基,克里斯托弗·瑞安·温特斯,肖恩·卡普兰,玛丽特·尼森,拉尔夫·帕卡,马洛可·伯尼尼",2003-09-26,"喜剧,剧情,爱情",8.1,33560,https://img3.doubanio.com/view/photo/s_ratio_poster/public/p1361589750.webp
428,黑店狂想曲,"多米尼克·皮侬,Marie-Laure Dougnac,让-克洛德·德雷菲斯,嘉莲·维雅",1991-04-17,"喜剧,奇幻",8.1,31227,https://img3.doubanio.com/view/photo/s_ratio_poster/public/p1969387376.webp
429,小鬼当街,"亚当·罗伯特·沃顿,雅各布·约瑟夫·沃顿,乔·曼特纳,拉腊·弗林·鲍尔,乔·潘托里亚诺,辛西娅·尼克松,弗雷德·多尔顿·托马斯,约翰·内威尔,马修·格拉夫",1994-07-01,"喜剧,冒险",8.1,28263,https://img3.doubanio.com/view/photo/s_ratio_poster/public/p652974784.webp
430,家族之苦,"桥爪功,吉行和子,西村雅彦,夏川结衣,中岛朋子,林家正蔵,妻夫木聪,苍井优,小林稔侍,风吹淳,中村鹰之资,丸山步梦,笹野高史,木场胜己,徳永雄辉,笑福亭鹤瓶,冈本富士太,广冈由里子,近藤公园,北山雅康,团时郎",2016-03-12,"喜剧,家庭",8.1,27850,https://img1.doubanio.com/view/photo/s_ratio_poster/public/p2364502659.webp
431,回归,"佩内洛普·克鲁兹,卡门·毛拉,洛拉·杜埃尼亚斯,布兰卡·波蒂略,约阿娜·科沃,丘斯·兰普雷亚维,安东尼奥·德·拉·托雷",2006-03-17,"喜剧,犯罪,剧情,悬疑",8.1,26790,https://img3.doubanio.com/view/photo/s_ratio_poster/public/p2167113925.webp
432,香港制造,"李灿森,严栩慈,李栋全,谭嘉荃,林洁芳,陈达义",1997-10-09,"犯罪,剧情,爱情,喜剧",8.1,25346,https://img3.doubanio.com/view/photo/s_ratio_poster/public/p2149644720.webp
